CC_PROPERTY_ID,SITUSCITY,SITUSZIP5,change_bedrooms,change_full_baths,change_gla_sqft,pre_bedrooms,pre_full_baths,pre_gla_sqft,pre_price_mean,pre_price_median,pre_observations,post_bedrooms,post_full_baths,post_gla_sqft,post_price_mean,post_price_median,post_observations,renovation_date,days_between,price_change_dollars,price_change_pct,pre_price_per_sqft,post_price_per_sqft,price_per_sqft_change,price_per_sqft_change_pct,renovation_type,estimated_cost,roi_pct
89081993,albany,12203,3.0,1.0,1646.75,4.0,2.0,2562.0,526688.907952404,554214.226065602,6,7.0,3.0,4208.75,548163.481470931,568800.963382757,24,2021-03-06 03:04:20,-1005,21474.573518526973,4.077278483424526,205.5772474443419,130.24377344126665,-75.33347400307525,-36.64485002090082,Bed+Bath Added,45000.0,47.721274485615496
89082446,albany,12203,1.0,0.0,-517.0416666666665,3.0,3.0,3025.875,570279.4703345743,604133.4348738126,24,4.0,3.0,2508.8333333333335,462786.34839158267,435746.9777266814,6,2020-07-29 18:35:23,-1673,-107493.12194299168,-18.849200705038022,188.46762352528586,184.462770899455,-4.004852625830864,-2.124955231524714,Bedroom Added,10000.0,-1074.9312194299168
89082449,albany,12203,1.0,0.0,-599.5297619047619,4.0,2.0,3183.9583333333335,508803.96943142405,532294.1225017635,48,5.0,2.0,2584.4285714285716,509348.3593712493,512827.2783074684,14,2019-08-07 13:03:01,-1666,544.3899398252252,0.10699404339033904,159.80233287121868,197.08355069364572,37.28121782242704,23.329582962015444,Bedroom Added,10000.0,5.443899398252252
89082485,albany,12203,0.0,1.0,,3.0,2.0,,530213.4721393395,554540.0453510898,6,3.0,3.0,3595.4285714285716,522404.96968886285,484583.16194984416,30,2018-10-08 18:27:59,-2332,-7808.502450476692,-1.4727091748480932,,145.29699570176572,,,Bathroom Added,15000.0,-52.05668300317794
89082497,albany,12203,1.0,0.0,-52.68055555555566,3.0,3.0,2966.125,525842.6891769384,526453.9693231715,16,4.0,3.0,2913.4444444444443,508005.8860433562,456561.3710087531,18,2018-01-31 22:03:16,-2145,-17836.803133582172,-3.392041669629517,177.28271370118873,174.3660796457117,-2.916634055477033,-1.645188069713915,Bedroom Added,10000.0,-178.36803133582174
89082626,albany,12203,1.0,0.0,-295.3684210526317,3.0,3.0,3758.0,534270.9837301498,523761.8558083853,6,4.0,3.0,3462.6315789473683,493236.1754560893,547743.6887734415,29,2019-08-07 13:03:01,-2030,-41034.80827406049,-7.680523465370598,142.16896852851247,142.44546790797534,0.2764993794628765,0.19448644969765227,Bedroom Added,10000.0,-410.34808274060487
89082644,albany,12206,1.0,0.0,-53.25,3.0,3.0,2618.25,489802.596979204,538049.3684036476,16,4.0,3.0,2565.0,529736.1792756536,534924.5735341463,7,2022-07-08 06:59:34,-518,39933.582296449575,8.15299521536532,187.07250911074343,206.52482622832497,19.452317117581543,10.39827669498255,Bedroom Added,10000.0,399.3358229644957
89082677,albany,12206,1.0,0.0,20.59999999999991,3.0,2.0,2523.0,471929.36811837525,453578.0321118556,12,4.0,2.0,2543.6,543295.1955885967,582280.7825846301,14,2019-08-07 13:03:33,-1666,71365.8274702215,15.12214163631381,187.0508791590865,213.59301603577478,26.54213687668829,14.189795309175876,Bedroom Added,10000.0,713.658274702215
89082701,albany,12203,0.0,1.0,-151.0,3.0,1.0,1636.0,550259.6392274994,568041.6337818545,6,3.0,2.0,1485.0,497129.8397361889,489291.012248983,21,2021-01-07 21:21:46,-1511,-53129.79949131049,-9.655405503826985,336.3445227551952,334.76756884591845,-1.5769539092767673,-0.4688507772800975,Bathroom Added,15000.0,-354.1986632754033
89082842,albany,12203,0.0,1.0,921.0,3.0,1.0,1531.0,461547.62798960303,461547.62798960303,2,3.0,2.0,2452.0,541893.3538872473,522925.66291540756,8,2020-06-10 17:13:47,860,80345.72589764424,17.40789487915083,301.46807837335274,221.00055215629988,-80.46752621705286,-26.69188945351553,Bathroom Added,15000.0,535.6381726509616
89082953,albany,12203,0.0,1.0,46.66666666666674,3.0,1.0,1457.3333333333333,503111.6228953737,484552.2353909989,14,3.0,2.0,1504.0,526135.0427507486,600981.5655229028,10,2020-01-30 19:00:38,-1853,23023.4198553749,4.576205121813061,345.2275545942637,349.82383161618924,4.596277021925516,1.3313760621823458,Bathroom Added,15000.0,153.48946570249936
89083046,albany,12203,1.0,0.0,0.0,3.0,2.0,1530.0,480038.57690320356,486749.64988332934,12,4.0,2.0,1530.0,459970.00517767994,454129.8467720933,14,2018-01-31 22:03:16,-2218,-20068.571725523623,-4.180616452741945,313.750703858303,300.6339903122091,-13.116713546093877,-4.180616452741947,Bedroom Added,10000.0,-200.68571725523623
89083103,albany,12203,0.0,1.0,0.0,3.0,1.0,1284.0,332822.5821371636,332822.5821371636,2,3.0,2.0,1284.0,434381.0035518609,401424.62742020347,14,2019-08-07 13:03:17,552,101558.42141469731,30.5142820425697,259.20761848688755,338.30296226780445,79.09534378091689,30.514282042569697,Bathroom Added,15000.0,677.0561427646487
89083229,albany,12203,1.0,0.0,0.0,2.0,2.0,2058.0,389639.5519503431,326756.59402122605,6,3.0,2.0,2058.0,413175.3059945086,410160.67172132514,3,2024-02-21 05:53:47,-127,23535.754044165486,6.040391414669565,189.3292283529364,200.76545480782733,11.436226454890914,6.0403914146695685,Bedroom Added,10000.0,235.35754044165483
89083364,albany,12203,1.0,0.0,0.0,3.0,2.0,1710.0,460823.78363126284,472161.04891404,4,4.0,2.0,1710.0,473700.0705970864,488526.27648076264,3,2025-03-06 22:11:15,-28,12876.286965823558,2.794188890243298,269.4875927668204,277.01758514449494,7.529992377674546,2.7941888902432788,Bedroom Added,10000.0,128.7628696582356
89083736,albany,12203,0.0,1.0,594.0,2.0,1.0,1162.0,469781.7240823183,446740.83553044894,12,2.0,2.0,1756.0,455777.46769088035,467160.03315696825,8,2018-01-31 22:03:16,-2135,-14004.256391437957,-2.981013452320686,404.28719800543746,259.5543665665606,-144.73283143887687,-35.7995089018204,Bathroom Added,15000.0,-93.36170927625305
89084030,albany,12208,1.0,0.0,-40.97902097902124,3.0,2.0,2554.3636363636365,501164.54568656435,472965.157148719,91,4.0,2.0,2513.3846153846152,552779.8179841524,617472.2224194953,42,2018-01-31 22:03:16,-2583,51615.272297588,10.299066991436572,196.19937371173063,219.93443208036913,23.735058368638505,12.097418008842197,Bedroom Added,10000.0,516.15272297588
89084753,albany,12208,0.0,1.0,-931.7407407407409,3.0,2.0,4025.0,398813.3966880079,389692.97802820476,6,3.0,3.0,3093.259259259259,538889.3970188354,566719.6996918954,54,2018-01-31 22:03:16,-2135,140076.0003308275,35.12319332652937,99.08407371130632,174.21410617481928,75.13003246351296,75.82452926028616,Bathroom Added,15000.0,933.8400022055166
89084765,albany,12208,0.0,1.0,-31.5,3.0,2.0,2247.5,487465.21538861154,476383.67828638793,28,3.0,3.0,2216.0,477660.8407806058,422857.04094607057,8,2019-08-07 13:03:33,-1582,-9804.374608005746,-2.0112972779379987,216.89219817068366,215.55092092987627,-1.3412772408073863,-0.6184073249844912,Bathroom Added,15000.0,-65.36249738670497
89084840,albany,12208,1.0,0.0,280.0,2.0,1.0,1223.0,560163.5150949219,580070.0617003206,10,3.0,1.0,1503.0,546990.0580527709,557190.4349558712,12,2022-07-08 05:19:09,-964,-13173.457042151014,-2.3517163626621986,458.02413335643655,363.93217435314097,-94.09195900329559,-20.543013380928723,Bedroom Added,10000.0,-131.73457042151014
89084855,albany,12208,0.0,1.0,45.58823529411757,3.0,2.0,1902.4117647058824,508200.0156591824,502525.3258320785,21,3.0,3.0,1948.0,565035.2458078497,595162.0300347192,13,2021-07-29 14:11:49,-1309,56835.230148667295,11.183634080559157,267.134605182465,290.0591610923253,22.924555909860317,8.581649649696942,Bathroom Added,15000.0,378.9015343244486
89085011,albany,12208,1.0,0.0,0.0,3.0,2.0,1532.0,506216.935035368,447720.7636518178,12,4.0,2.0,1532.0,486769.74353696476,454189.5352662933,17,2018-07-20 20:48:01,-1965,-19447.191498403263,-3.8416714559430023,330.42880876982247,317.73481954109974,-12.693989228722728,-3.841671455942993,Bedroom Added,10000.0,-194.47191498403262
89085041,albany,12208,1.0,0.0,-370.73684210526335,3.0,2.0,2226.7368421052633,484705.3116052854,492733.978296277,21,4.0,2.0,1856.0,423696.4155239452,462496.2585039987,4,2022-03-31 03:23:36,-700,-61008.89608134021,-12.586801634025038,217.67516593789406,228.28470664005667,10.609540702162604,4.8740244007392475,Bedroom Added,10000.0,-610.0889608134021
89085053,albany,12208,3.0,0.0,3.565217391304259,3.0,2.0,1310.4347826086957,481197.9866737609,484691.20456956566,29,6.0,2.0,1314.0,378635.6420598277,361814.0665341761,6,2019-11-05 09:34:29,-1941,-102562.34461393324,-21.31395962873546,367.204833891722,288.15497873655073,-79.04985515517126,-21.52745494044361,Bedroom Added,30000.0,-341.8744820464441
89085086,albany,12208,1.0,0.0,-130.1052631578948,2.0,2.0,1521.0,430689.71362400654,347558.33850463,6,3.0,2.0,1390.8947368421052,482760.4222715814,477291.0372441298,69,2018-01-31 22:03:16,-2135,52070.70864757488,12.090074826591463,283.1622048810036,347.0862384364494,63.92403355544576,22.575058554269013,Bedroom Added,10000.0,520.7070864757487
89085215,albany,12208,0.0,1.0,,3.0,2.0,3167.0,464654.3835584282,480705.6656332549,6,3.0,3.0,,426626.78776198084,458827.6805263801,6,2023-12-06 05:02:10,-449,-38027.595796447364,-8.184060484961627,146.71751927957948,,,,Bathroom Added,15000.0,-253.51730530964912
89085494,albany,12208,1.0,0.0,76.11111111111109,3.0,2.0,2027.888888888889,511271.6572018329,535157.7925722315,24,4.0,2.0,2104.0,471551.75186002767,443350.2351137972,10,2018-01-31 22:03:16,-2583,-39719.90534180525,-7.768845540781691,252.12015313223912,224.12155506655307,-27.998598065686053,-11.105259820701662,Bedroom Added,10000.0,-397.19905341805253
89085497,albany,12208,1.0,0.0,12.666666666666742,3.0,2.0,1781.3333333333333,510130.23685035936,492413.8486739419,30,4.0,2.0,1794.0,503873.847705505,521976.38269985915,31,2018-11-02 16:02:59,-2309,-6256.389144854387,-1.2264297806541555,286.37550721389937,280.8661358447631,-5.509371369136261,-1.9238277123403595,Bedroom Added,10000.0,-62.56389144854387
89085506,menands,12204,1.0,0.0,-9.263157894736878,3.0,2.0,2048.0,521868.27196290076,470043.75112753443,10,4.0,2.0,2038.7368421052631,461492.8913780625,378466.43433154316,21,2018-07-20 03:05:46,-1966,-60375.380584838276,-11.569084351065955,254.81849216938514,226.36216791055315,-28.456324258831984,-11.167291673602813,Bedroom Added,10000.0,-603.7538058483827
89085512,albany,12208,1.0,0.0,0.0,3.0,2.0,1990.0,456528.80781434866,434059.53312489623,8,4.0,2.0,1990.0,503921.31496798364,446955.64573127317,6,2023-12-04 14:58:38,-2,47392.50715363497,10.381055114687863,229.41146121324053,253.2267914411978,23.815330227957276,10.381055114687866,Bedroom Added,10000.0,473.9250715363498
89085590,albany,12206,1.0,1.0,1165.0,3.0,2.0,2039.0,505222.581479701,522368.516624099,8,4.0,3.0,3204.0,475589.60367060575,480829.48457985587,3,2023-02-10 17:24:12,-301,-29632.97780909523,-5.865331221400648,247.77958875904903,148.43620588970217,-99.34338286934687,-40.09344892647813,Bed+Bath Added,25000.0,-118.53191123638092
89085617,albany,12208,1.0,0.0,-73.0,3.0,2.0,2185.0,505504.511491012,535507.3427977266,22,4.0,2.0,2112.0,475971.20511199883,484568.16561318375,8,2020-06-10 17:08:56,-1274,-29533.30637901317,-5.84234278976129,231.3521791720879,225.36515393560552,-5.987025236482367,-2.5878404335361833,Bedroom Added,10000.0,-295.3330637901317
89085638,albany,12208,1.0,0.0,-114.61538461538453,3.0,2.0,1899.6153846153845,513580.1030347063,516797.8958247072,23,4.0,2.0,1785.0,443473.91811029415,391422.11847637466,14,2019-08-07 13:05:15,-2031,-70106.18492441217,-13.65048694646852,270.3600461409671,248.44477205058496,-21.915274090382127,-8.105958851240686,Bedroom Added,10000.0,-701.0618492441216
89085794,albany,12208,1.0,0.0,53.799999999999955,3.0,2.0,1931.0,474700.4122235937,461495.1199960615,37,4.0,2.0,1984.8,440960.585287777,448270.7056072011,39,2018-01-31 22:03:16,-2582,-33739.82693581667,-7.107604305160055,245.8313890334509,222.1687753364455,-23.662613697005412,-9.625546107045581,Bedroom Added,10000.0,-337.3982693581668
89085908,albany,12206,1.0,0.0,10.599999999999909,2.0,2.0,1304.0,468865.7880743478,456195.3054678747,14,3.0,2.0,1314.6,501598.9898263101,504790.9498909759,34,2018-01-31 22:03:16,-2136,32733.201751962304,6.981358543219583,359.5596534312483,381.5601626550358,22.000509223787503,6.118736908837921,Bedroom Added,10000.0,327.33201751962304
89085923,albany,12206,0.0,1.0,549.0666666666666,3.0,3.0,4377.333333333333,376538.6571603371,394539.4653006477,3,3.0,4.0,4926.4,521014.47671821597,516208.08103449637,25,2021-09-01 22:22:02,5,144475.8195578789,38.3694520630211,86.0201013920965,105.75967780087204,19.739576408775534,22.94763211077684,Bathroom Added,15000.0,963.1721303858592
89085983,albany,12206,1.0,1.0,1928.3230769230772,3.0,2.0,2529.4,459314.07606241235,412614.09715461987,18,4.0,3.0,4457.723076923077,537883.4184365968,562232.6972836237,91,2018-01-31 22:03:16,-2582,78569.3423741844,17.105798944317193,181.59013049039785,120.66326444124212,-60.926866049155734,-33.55185983104816,Bed+Bath Added,25000.0,314.2773694967376
89086031,albany,12206,1.0,0.0,85.0,3.0,3.0,3060.0,475834.7213890896,457783.20264424745,8,4.0,3.0,3145.0,371273.33018220525,379326.281952937,6,2023-12-01 07:49:05,-5,-104561.39120688435,-21.974308831781237,155.501542937611,118.05193328527989,-37.449609652331105,-24.083111295787155,Bedroom Added,10000.0,-1045.6139120688435
89086061,albany,12206,1.0,0.0,-312.9000000000001,3.0,2.0,2154.5,424297.29877797986,356023.97132980084,8,4.0,2.0,1841.6,545508.5236096701,580491.7332208097,50,2018-01-31 22:03:16,-2135,121211.22483169026,28.567522155052867,196.9353904748108,296.2144459218452,99.27905544703441,50.411993094625004,Bedroom Added,10000.0,1212.1122483169027
89086067,albany,12206,1.0,0.0,31.0,3.0,2.0,2419.0,573430.5836154188,631857.3482236424,6,4.0,2.0,2450.0,504764.42314155865,477151.05338604236,6,2024-09-29 16:16:13,-234,-68666.1604738601,-11.97462472980204,237.05274229657658,206.02629515981985,-31.02644713675673,-13.088415192404549,Bedroom Added,10000.0,-686.661604738601
89086091,albany,12206,1.0,0.0,37.0,3.0,2.0,3547.0,467770.9503605886,465220.1050145091,4,4.0,2.0,3584.0,342374.2860110103,303954.0891686672,6,2019-08-07 13:02:45,-1582,-125396.66434957832,-26.807279129435962,131.87791101228888,95.52853962360778,-36.34937138868109,-27.562895946459086,Bedroom Added,10000.0,-1253.9666434957833
89086127,albany,12204,1.0,0.0,-37.0,2.0,1.0,1092.0,487099.80054409907,505031.75366632093,20,3.0,1.0,1055.0,463343.03011909773,456584.9982806338,6,2023-12-06 05:09:05,-449,-23756.770425001334,-4.877187467222241,446.06208841034714,439.1877062740263,-6.874382136320833,-1.5411267433238718,Bedroom Added,10000.0,-237.56770425001332
89086328,albany,12206,1.0,0.0,-64.0,2.0,2.0,1340.0,458000.648983878,399611.87600485136,12,3.0,2.0,1276.0,465291.85413036525,385390.7518667349,6,2023-12-06 05:07:22,-449,7291.20514648722,1.5919639333838314,341.7915290924463,364.64878850342103,22.857259410974734,6.68748563537173,Bedroom Added,10000.0,72.9120514648722
89086571,albany,12206,1.0,1.0,838.0,2.0,2.0,1373.0,524115.0186001594,459954.6593279793,3,3.0,3.0,2211.0,498665.1852376037,528521.9423619324,19,2022-07-08 02:02:42,2,-25449.833362555655,-4.855772580325733,381.72980233077885,225.5383017809153,-156.19150054986355,-40.91676877104805,Bed+Bath Added,25000.0,-101.79933345022263
89086607,menands,12204,2.0,1.0,1.7999999999999545,3.0,1.0,1554.2,516682.3428586227,542154.3499117681,22,5.0,2.0,1556.0,470209.5820348032,449995.116240245,9,2023-08-07 11:42:32,-205,-46472.760823819495,-8.994455000475138,332.4426347050719,302.1912480943465,-30.251386610725376,-9.0997313378782,Bed+Bath Added,35000.0,-132.77931663948428
89086613,menands,12204,1.0,1.0,110.0,3.0,1.0,1570.0,548422.7624937816,636854.7514866241,8,4.0,2.0,1680.0,474616.6672063782,500173.08631563175,29,2022-02-11 21:10:47,-1112,-73806.09528740344,-13.457883285477287,349.31386146100743,282.5099209561775,-66.80394050482994,-19.12433140369009,Bed+Bath Added,25000.0,-295.22438114961375
89086724,albany,12206,1.0,0.0,-84.0,4.0,3.0,2748.0,402211.1701813635,366402.77088058594,8,5.0,3.0,2664.0,548109.2264774846,596800.0190092508,12,2022-07-08 06:57:10,-965,145898.0562961211,36.27399413853507,146.36505465115118,205.74670663569242,59.381651984541236,40.57092188164205,Bedroom Added,10000.0,1458.980562961211
89086901,albany,12206,1.0,0.0,,4.0,2.0,3165.0,293356.4563567938,267939.0820517241,4,5.0,2.0,,436466.36808199814,437520.06950717245,6,2023-12-06 05:02:10,421,143109.91172520432,48.78362436691946,92.68766393579584,,,,Bedroom Added,10000.0,1431.099117252043
89086910,albany,12206,1.0,0.0,72.0,3.0,2.0,1940.0,652238.3373625553,652238.3373625553,2,4.0,2.0,2012.0,448044.67291098565,448044.2939795194,8,2019-08-07 13:04:55,552,-204193.66445156967,-31.306602625853607,336.2053285373996,222.68621914064894,-113.51910939675068,-33.76481565315903,Bedroom Added,10000.0,-2041.9366445156968
89086934,albany,12206,1.0,0.0,19.0,3.0,2.0,1900.0,668385.390718225,734793.2034627263,6,4.0,2.0,1919.0,513070.7876170579,479976.36937192804,10,2023-12-06 05:02:10,-84,-155314.60310116713,-23.23728275004203,351.7817845885395,267.3636204361948,-84.41816415234467,-23.997309653506967,Bedroom Added,10000.0,-1553.1460310116713
89086958,albany,12206,1.0,0.0,,3.0,2.0,,485789.4073993677,474152.4046806444,4,4.0,2.0,2008.0,503496.51266090374,518969.6955294168,42,2019-08-07 13:02:29,-1582,17707.105261536024,3.645016748374467,,250.74527522953375,,,Bedroom Added,10000.0,177.07105261536026
89086976,albany,12206,1.0,0.0,,3.0,2.0,2175.0,438463.7688387297,433683.48622865666,6,4.0,2.0,,467743.16951303225,434235.83399851434,6,2023-12-06 05:00:37,-84,29279.40067430254,6.677724080110191,201.5925373971171,,,,Bedroom Added,10000.0,292.79400674302536
89087000,albany,12206,1.0,0.0,24.476190476190368,3.0,2.0,1892.0,512033.73680413456,462334.4235441573,26,4.0,2.0,1916.4761904761904,504228.4168477033,493941.6290811954,29,2019-08-07 13:02:45,-1582,-7805.319956431282,-1.5243761095017472,270.630939114236,263.10184251358567,-7.529096600650348,-2.782053162617982,Bedroom Added,10000.0,-78.05319956431282
89087006,albany,12206,2.0,0.0,90.42857142857156,3.0,2.0,2316.0,524491.8192946812,459298.9913127117,9,5.0,2.0,2406.4285714285716,495643.5760115259,496259.8712102437,14,2023-09-12 10:17:59,-85,-28848.243283155316,-5.500227500583223,226.46451610305752,205.9664607943414,-20.49805530871612,-9.051332041523025,Bedroom Added,20000.0,-144.2412164157766
89087024,albany,12210,1.0,0.0,-51.0,3.0,2.0,2000.0,381382.7366009546,354818.52272121876,6,4.0,2.0,1949.0,510611.77142942627,500698.9140576535,6,2023-12-05 21:39:24,-1,129229.03482847166,33.88434305658821,190.6913683004773,261.98654254973127,71.29517424925396,37.38773017607819,Bedroom Added,10000.0,1292.2903482847166
89087030,albany,12204,1.0,0.0,850.6969696969697,3.0,2.0,788.0,480843.99470929924,454131.2131435114,6,4.0,2.0,1638.6969696969697,527309.7694076495,533624.8515256516,65,2019-08-07 13:02:29,-2031,46465.77469835029,9.663378394991042,610.2081151133239,321.78601605955276,-288.4220990537711,-47.266185406303094,Bedroom Added,10000.0,464.6577469835028
89087063,albany,12204,1.0,0.0,,3.0,2.0,1939.0,542326.9318250923,580773.1112891559,6,4.0,2.0,,513521.296797871,463000.79063891387,7,2023-01-27 18:03:58,-762,-28805.635027221288,-5.311488944552636,279.6941370939104,,,,Bedroom Added,10000.0,-288.05635027221285
89087174,albany,12204,1.0,0.0,,3.0,2.0,,527975.0148818303,567535.741609382,4,4.0,2.0,1958.0,429693.9004006566,416336.1107725594,8,2018-01-31 22:03:16,-2134,-98281.11448117369,-18.614728294135404,,219.45551603710757,,,Bedroom Added,10000.0,-982.8111448117369
89087201,albany,12203,3.0,0.0,160.0,3.0,2.0,1847.0,647345.1941525871,679315.8364357806,6,6.0,2.0,2007.0,424356.8827414906,424356.8827414906,2,2018-01-31 22:03:16,-2135,-222988.31141109648,-34.446584824500206,350.48467469008506,211.4384069464328,-139.04626774365227,-39.672567100573936,Bedroom Added,30000.0,-743.2943713703216
89087228,albany,12203,1.0,0.0,-102.71428571428578,3.0,2.0,2127.0,487752.024949644,480905.6684362699,16,4.0,2.0,2024.2857142857142,481443.2830745316,453970.4625293256,30,2018-01-31 22:03:16,-2583,-6308.741875112406,-1.293432226296493,229.31453923349505,237.83366136356537,8.519122130070315,3.7150379380855068,Bedroom Added,10000.0,-63.087418751124055
89087300,albany,12203,1.0,0.0,-16.034482758620697,3.0,2.0,1895.0,529379.8240300798,491044.4894081238,8,4.0,2.0,1878.9655172413793,516957.7633889829,532227.0463635765,38,2018-01-31 22:03:16,-2583,-12422.060641096847,-2.346530804013229,279.3561076675883,275.12892527583966,-4.227182391748613,-1.5131877470095003,Bedroom Added,10000.0,-124.22060641096846
89087312,albany,12203,1.0,0.0,-16.0,3.0,2.0,2041.0,543610.2449309613,552730.5362348028,39,4.0,2.0,2025.0,442883.00172129704,441415.12709009415,14,2018-01-31 22:03:16,-2583,-100727.24320966424,-18.52931289447215,266.34504896176446,218.70765517101088,-47.63739379075358,-17.885593885243285,Bedroom Added,10000.0,-1007.2724320966424
89087318,albany,12204,1.0,0.0,306.0,3.0,2.0,1644.0,594808.2855450308,602548.9021603104,6,4.0,2.0,1950.0,456564.8804285486,437748.90311349795,15,2018-06-14 00:11:01,-2450,-138243.40511648223,-23.241674414438922,361.80552648724506,234.1358361172044,-127.66969037004066,-35.28682704478851,Bedroom Added,10000.0,-1382.4340511648224
89087372,albany,12206,1.0,0.0,49.354838709677324,3.0,2.0,1976.0,510287.5653023054,469625.2023967844,12,4.0,2.0,2025.3548387096773,494803.7150426956,481184.00054039777,37,2022-07-08 21:39:24,-963,-15483.850259609811,-3.0343381482237066,258.24269499104525,244.30470433414396,-13.937990656901292,-5.397244889108906,Bedroom Added,10000.0,-154.8385025960981
89087405,albany,12203,1.0,0.0,487.6521739130435,3.0,2.0,2044.0,399762.11361439177,394732.2701034491,6,4.0,2.0,2531.6521739130435,512482.55080846255,537194.1374833224,27,2020-06-27 16:41:54,-1706,112720.43719407078,28.196878432256906,195.57833347083746,202.43007949087448,6.851746020037012,3.503325699959843,Bedroom Added,10000.0,1127.2043719407077
89087525,albany,12206,1.0,0.0,-21.111111111111313,2.0,2.0,2165.0,543883.83622255,570253.9827538417,6,3.0,2.0,2143.8888888888887,501708.196823774,527989.7813958253,32,2018-01-31 22:03:16,-2135,-42175.639398775995,-7.754530763719606,251.21655252773672,234.017816606062,-17.19873592167471,-6.846179421149332,Bedroom Added,10000.0,-421.75639398776
89087570,albany,12203,1.0,1.0,-100.72463768115949,3.0,2.0,2681.7246376811595,484202.38734288665,502265.43994986924,79,4.0,3.0,2581.0,514958.43466958293,542457.3317588787,8,2019-08-07 13:06:10,-2031,30756.04732669628,6.351899150161865,180.55634069930758,199.51895957752149,18.962618878213902,10.502327863297587,Bed+Bath Added,25000.0,123.02418930678512
89087612,albany,12210,1.0,1.0,792.8318840579711,3.0,2.0,1529.7333333333333,555177.657941388,527780.5077629609,29,4.0,3.0,2322.5652173913045,426526.40696878463,374709.61586562835,50,2018-02-05 22:00:42,-2578,-128651.25097260333,-23.172987805317174,362.9244691502144,183.64453397259487,-179.27993517761954,-49.39869047612097,Bed+Bath Added,25000.0,-514.6050038904133
89087726,albany,12206,1.0,0.0,-6.85714285714289,3.0,2.0,1838.857142857143,450042.03410663706,431613.3759697848,36,4.0,2.0,1832.0,392814.42356416845,392814.42356416845,2,2018-01-31 22:03:16,-2583,-57227.61054246861,-12.716058991260487,244.7400744830997,214.41835347389107,-30.32172100920863,-12.389356779125468,Bedroom Added,10000.0,-572.2761054246862
89088002,albany,12206,0.0,1.0,0.0,3.0,1.0,1273.0,640813.3314374606,684838.0120633445,4,3.0,2.0,1273.0,476942.56133236754,480177.6912544899,20,2021-06-21 01:33:11,-4,-163870.77010509308,-25.572309761019046,503.38832006084886,374.66029955409863,-128.72802050675023,-25.572309761019042,Bathroom Added,15000.0,-1092.4718007006206
89088125,albany,12206,1.0,0.0,208.78260869565202,3.0,2.0,2211.9565217391305,497766.80840306723,520214.8406104524,25,4.0,2.0,2420.7391304347825,562675.7695071505,601371.6323048685,31,2019-09-10 19:58:22,-1995,64908.96110408328,13.04003400956441,225.03462591195176,232.43965548906124,7.405029577109474,3.2906178536305806,Bedroom Added,10000.0,649.0896110408328
89088191,albany,12206,1.0,0.0,28.28571428571422,3.0,2.0,1846.0,447539.62651103875,414310.5191307109,8,4.0,2.0,1874.2857142857142,527833.4235710279,485533.2271559709,24,2019-08-07 13:03:33,-2031,80293.79705998919,17.94115924123843,242.43750081854753,281.61844245405456,39.180941635507025,16.16125455146975,Bedroom Added,10000.0,802.9379705998919
89088194,albany,12203,1.0,0.0,,3.0,2.0,,423576.61329925596,421439.02029938233,6,4.0,2.0,,447714.80394946906,344126.81196785904,6,2023-12-05 21:52:18,-449,24138.190650213102,5.698659909998271,,,,,Bedroom Added,10000.0,241.38190650213102
89088203,albany,12203,0.0,1.0,70.29999999999995,3.0,2.0,1379.7,495939.51700399513,504184.9814974488,76,3.0,3.0,1450.0,446877.64347469923,438765.47429689363,6,2022-07-08 05:21:40,-1071,-49061.8735292959,-9.89271309245169,359.4546039022941,308.19147825841327,-51.26312564388081,-14.261362933555585,Bathroom Added,15000.0,-327.0791568619727
89088230,albany,12203,0.0,1.0,-73.85294117647072,3.0,2.0,2088.8529411764707,461428.19745807274,480723.62284356833,44,3.0,3.0,2015.0,337865.4130455306,355693.156113385,3,2018-11-03 00:10:33,-2219,-123562.78441254213,-26.778334114219266,220.9002789819134,167.67514295063555,-53.225136031277856,-24.094644097591093,Bathroom Added,15000.0,-823.7518960836142
89088326,albany,12206,1.0,0.0,142.0,3.0,2.0,1412.0,530222.4974535608,492691.7337903831,8,4.0,2.0,1554.0,476647.2436851653,516901.0629446407,14,2019-08-07 13:04:30,-2030,-53575.253768395516,-10.104296597314388,375.5116837489808,306.7228080342119,-68.78887571476889,-18.318704501549508,Bedroom Added,10000.0,-535.7525376839551
89088365,albany,12203,0.0,1.0,0.0,3.0,2.0,1320.0,460636.09161402175,335032.6983257349,10,3.0,3.0,1320.0,691512.7589046117,691512.7589046117,2,2018-01-31 22:03:16,-2156,230876.66729058995,50.12127175741304,348.9667360712286,523.8733022004634,174.90656612923482,50.12127175741304,Bathroom Added,15000.0,1539.1777819372664
89088425,albany,12206,2.0,0.0,,3.0,3.0,2011.857142857143,376433.1273323836,372470.9384796823,14,5.0,3.0,,564659.1365029382,535719.857379399,6,2023-12-01 07:50:06,-454,188226.00917055464,50.00250921177681,187.10728476366435,,,,Bedroom Added,20000.0,941.1300458527732
89088443,albany,12208,1.0,0.0,100.0,4.0,3.0,3220.0,473273.3924499327,369934.42411658517,9,5.0,3.0,3320.0,369994.8487472749,347939.92559689784,6,2018-02-02 15:23:19,-2825,-103278.5437026578,-21.822174107027063,146.97931442544493,111.444231550384,-35.53508287506092,-24.176927898984076,Bedroom Added,10000.0,-1032.785437026578
89088509,albany,12210,1.0,0.0,3.0,2.0,2.0,1653.0,562318.1727750662,547299.7010131335,10,3.0,2.0,1656.0,491647.5543604953,501576.04520672397,10,2022-06-06 18:50:57,-997,-70670.61841457093,-12.5677279938879,340.18038280403283,296.88861978290777,-43.291763021125064,-12.726119791000434,Bedroom Added,10000.0,-706.7061841457092
89088566,albany,12206,0.0,1.0,-37.8039215686274,3.0,2.0,1856.0,412788.10492262145,412788.10492262145,1,3.0,3.0,1818.1960784313726,516065.2282271502,477769.15644936933,75,2018-01-31 22:03:16,-1198,103277.12330452877,25.019403920054433,222.40738411779174,283.833649378663,61.42626526087125,27.618806589775176,Bathroom Added,15000.0,688.5141553635251
89088584,albany,12210,1.0,0.0,-9.375,2.0,2.0,1964.0,536187.7695316545,577979.0749155377,14,3.0,2.0,1954.625,504403.1345317561,517749.06570967834,48,2018-01-31 22:03:16,-2583,-31784.634999898437,-5.927892579060774,273.0080292931031,258.0562177050616,-14.951811588041494,-5.476692984728715,Bedroom Added,10000.0,-317.84634999898435
89088803,albany,12210,1.0,0.0,53.75,2.0,2.0,1542.0,600731.4626221075,580146.0431326602,6,3.0,2.0,1595.75,433354.3148144323,445463.48433529737,18,2022-07-09 03:44:10,-515,-167377.14780767518,-27.862224341821175,389.5794180428712,271.5677987243818,-118.01161931848941,-30.292056985798677,Bedroom Added,10000.0,-1673.771478076752
89088830,albany,12206,1.0,0.0,251.9333333333334,3.0,2.0,1782.0666666666666,497902.8613110341,471250.7109610545,34,4.0,2.0,2034.0,496365.1753120062,529775.1593892006,3,2019-09-11 23:30:26,-1995,-1537.685999027919,-0.30883252909594033,279.3963158754073,244.03400949459498,-35.36230638081233,-12.656683131277088,Bedroom Added,10000.0,-15.37685999027919
89088935,albany,12210,0.0,1.0,361.0,3.0,2.0,1657.0,339310.5760398788,334290.26950837905,6,3.0,3.0,2018.0,539988.0254957346,661943.6895640418,10,2023-06-01 00:18:04,-189,200677.44945585582,59.14270394927814,204.77403502708438,267.58574107816384,62.811706051079454,30.67366721702372,Bathroom Added,15000.0,1337.849663039039
89088956,albany,12210,0.0,1.0,17.0,3.0,1.0,2549.3333333333335,470142.85030283773,441839.3508936543,22,3.0,2.0,2566.3333333333335,467354.29224226746,397564.23041861196,6,2023-11-17 01:49:50,-468,-2788.5580605702708,-0.5931299516251389,184.41795906230558,182.10973850198758,-2.3082205603180057,-1.2516246096933399,Bathroom Added,15000.0,-18.590387070468473
89088971,albany,12206,1.0,0.0,567.6136363636363,2.0,1.0,1138.6363636363637,474523.1064300917,492830.35761882714,22,3.0,1.0,1706.25,531316.2636366517,485204.59752403275,16,2019-08-07 13:03:33,-1665,56793.15720655996,11.968470330944129,416.7468399785236,311.394147186316,-105.35269279220762,-25.279782036892424,Bedroom Added,10000.0,567.9315720655997
89089052,albany,12210,1.0,0.0,38.42857142857133,2.0,2.0,1873.0,470587.1298518468,465454.4543578701,6,3.0,2.0,1911.4285714285713,556745.1144190057,598770.211485443,18,2020-10-30 15:05:29,-1132,86157.98456715891,18.308614728644134,251.2478002412423,291.2717340009746,40.02393375973233,15.930063356296964,Bedroom Added,10000.0,861.5798456715892
89089127,albany,12206,0.0,1.0,-9.523809523809632,3.0,1.0,1040.0,492013.88400312176,433885.1457034794,13,3.0,2.0,1030.4761904761904,522900.2851874824,582435.106290718,23,2022-04-22 18:46:34,-1341,30886.40118436067,6.277546668614884,473.09027307992477,507.4355817438601,34.34530866393533,7.25977907775182,Bathroom Added,15000.0,205.90934122907117
89089220,albany,12210,1.0,0.0,-3.0,2.0,1.0,1088.0,468899.96929929574,482672.5525852655,20,3.0,1.0,1085.0,523257.6923341446,520051.96774487477,22,2023-02-23 02:06:30,-369,54357.72303484887,11.592605372970858,430.9742364883233,482.2651542250181,51.29091773669478,11.901156355568935,Bedroom Added,10000.0,543.5772303484887
89089361,albany,12210,1.0,0.0,21.272727272727252,3.0,2.0,1415.7272727272727,541790.8327096514,580750.8428814397,17,4.0,2.0,1437.0,561004.4274234967,560268.0490345145,6,2023-12-06 05:02:10,-448,19213.59471384529,3.546312258137073,382.6943530344934,390.3997407261634,7.705387691669955,2.013457379386898,Bedroom Added,10000.0,192.1359471384529
89089463,albany,12210,1.0,1.0,,2.0,1.0,1548.0,409986.8588670366,298824.8814402773,6,3.0,2.0,,504341.05532055337,504341.05532055337,2,2025-03-01 14:14:51,2,94354.19645351678,23.01395628002724,264.8493920329694,,,,Bed+Bath Added,25000.0,377.4167858140671
89089496,albany,12210,1.0,0.0,18.90909090909099,2.0,1.0,1100.0,518234.23943057214,622075.8145594015,9,3.0,1.0,1118.909090909091,540168.2986067266,578196.6097436919,25,2018-08-16 12:30:47,-2386,21934.059176154435,4.2324604411038615,471.12203584597466,482.7633477960669,11.641311950092245,2.4709758967628024,Bedroom Added,10000.0,219.34059176154435
89089568,albany,12210,0.0,1.0,77.85714285714289,2.0,1.0,1063.142857142857,501260.48370702734,444762.6313091259,24,2.0,2.0,1141.0,460511.657335559,489303.6490663333,26,2020-12-11 07:30:55,-1539,-40748.82637146831,-8.129271645375672,471.48930206250895,403.60355594702804,-67.88574611548091,-14.39815194502139,Bathroom Added,15000.0,-271.6588424764554
89089685,albany,12210,1.0,0.0,-15.473684210526244,3.0,1.0,1305.4736842105262,504592.6219565108,476861.9495890189,40,4.0,1.0,1290.0,443529.33236606047,426821.7487816588,8,2019-08-07 13:02:14,-1784,-61063.28959045035,-12.101502664403444,386.52071509327953,343.821187880667,-42.69952721261251,-11.04715104397646,Bedroom Added,10000.0,-610.6328959045035
89089694,albany,12210,0.0,1.0,-228.0,3.0,1.0,2208.0,552898.0264316929,584923.8688338486,9,3.0,2.0,1980.0,476749.4362440038,445228.2125790629,16,2019-08-07 13:05:15,-1582,-76148.59018768906,-13.77262832337072,250.4067148694261,240.7825435575777,-9.624171311848414,-3.8434158272740055,Bathroom Added,15000.0,-507.6572679179271
89089700,albany,12210,1.0,1.0,549.0,2.0,1.0,800.0,534657.2295291912,532013.9130088348,6,3.0,2.0,1349.0,527225.5442207272,532332.0684920489,8,2019-08-07 13:02:14,-2030,-7431.685308463988,-1.389990614175027,668.3215369114889,390.8269416017251,-277.49459530976384,-41.52112119447,Bed+Bath Added,25000.0,-29.726741233855954
89089742,albany,12208,2.0,1.0,735.0,2.0,1.0,993.0,497512.66904534743,473775.633663334,24,4.0,2.0,1728.0,515923.00385772635,548974.4194407375,8,2018-05-23 13:45:56,-2025,18410.33481237892,3.7004755773768743,501.0198076992421,298.56655315840646,-202.45325454083564,-40.40823365258377,Bed+Bath Added,35000.0,52.60095660679691
89089817,albany,12208,1.0,0.0,-16.727272727272748,2.0,2.0,1492.7272727272727,473773.662913674,450728.7424334665,24,3.0,2.0,1476.0,456547.6958203789,456547.6958203789,2,2022-10-04 18:42:40,-877,-17225.967093295127,-3.6359064341729477,317.3879593209753,309.3141570598773,-8.073802261098024,-2.543827522118747,Bedroom Added,10000.0,-172.25967093295128
89089826,albany,12210,1.0,0.0,0.0,2.0,1.0,975.0,540391.1476086808,496512.27431478666,14,3.0,1.0,975.0,447791.4500535196,449764.7360718964,12,2023-12-05 22:18:40,-449,-92599.69755516114,-17.135679954220187,554.2473308806982,459.27328210617395,-94.97404877452425,-17.13567995422019,Bedroom Added,10000.0,-925.9969755516114
89089847,albany,12208,1.0,0.0,4.7999999999999545,2.0,1.0,1210.0,484884.36943045544,427918.6817775867,23,3.0,1.0,1214.8,426237.1937916941,416221.16495371656,10,2022-07-08 05:19:49,-964,-58647.17563876131,-12.095084794679648,400.73088382682266,350.87026160001164,-49.86062222681102,-12.442420646659833,Bedroom Added,10000.0,-586.4717563876131
89089889,latham,12110,1.0,0.0,41.0,2.0,1.0,899.0,481369.12216904416,452179.32649647293,6,3.0,1.0,940.0,488309.2232178619,500942.12718716124,14,2019-08-07 13:02:29,-2031,6940.101048817742,1.4417420497487916,535.4495241034974,519.4778970402787,-15.971627063218762,-2.9828445715700354,Bedroom Added,10000.0,69.40101048817742
89090054,albany,12208,1.0,1.0,-19.789473684210634,2.0,1.0,1167.0,356253.85825566814,296798.85453847464,4,3.0,2.0,1147.2105263157894,503974.8750695498,473465.39638931805,19,2023-12-29 20:34:11,256,147721.01681388164,41.465099504373256,305.2732290108553,439.3046119338187,134.03138292296342,43.905383828530006,Bed+Bath Added,25000.0,590.8840672555266
89090087,albany,12210,0.0,1.0,-13.285714285714334,3.0,1.0,1008.0,550446.6830175123,603954.1112542298,9,3.0,2.0,994.7142857142857,594278.7628235598,659606.9654795595,9,2022-06-23 14:11:45,-980,43832.07980604749,7.963001896162392,546.0780585491194,597.4366422181414,51.35858366902198,9.404989426873724,Bathroom Added,15000.0,292.2138653736499
89090159,albany,12208,0.0,1.0,0.0,3.0,1.0,2030.0,402943.6407289639,402943.6407289639,2,3.0,2.0,2030.0,421550.9817551213,306796.4547795493,3,2025-02-18 14:45:07,84,18607.34102615743,4.617852013372133,198.49440429998222,207.66058214537995,9.166177845397726,4.617852013372121,Bathroom Added,15000.0,124.04894017438288
89090282,albany,12207,1.0,1.0,1211.1818181818182,3.0,2.0,1446.8181818181818,439911.655447211,419168.06458942406,13,4.0,3.0,2658.0,608844.7061731879,636286.0997122214,10,2020-01-08 02:48:35,-1876,168933.05072597694,38.40158555340863,304.054552932411,229.06121375966438,-74.99333917274663,-24.664435526284347,Bed+Bath Added,25000.0,675.7322029039077
89090561,albany,12204,1.0,1.0,44.0,3.0,1.0,1420.0,445407.8769577155,402438.80018705537,13,4.0,2.0,1464.0,519471.2302493296,549954.71098227,27,2021-01-29 09:47:33,-1041,74063.3532916141,16.628209136643818,313.6675189843067,354.8300753069191,41.16255632261243,13.12298973636217,Bed+Bath Added,25000.0,296.25341316645637
89090603,menands,12204,2.0,0.0,599.0,3.0,2.0,2312.0,516577.90299926576,520728.65448443935,9,5.0,2.0,2911.0,511708.08609324694,541202.0817916263,5,2025-10-17 01:27:35,591,-4869.816906018823,-0.9427071653170856,223.43334904812534,175.78429615020505,-47.649052897920285,-21.32584643291416,Bedroom Added,20000.0,-24.349084530094114
89090609,albany,12208,1.0,0.0,0.0,2.0,1.0,1189.0,393378.73198074516,351344.9062222369,6,3.0,1.0,1189.0,532980.6401589313,547171.0370238661,6,2023-12-05 21:43:46,0,139601.9081781861,35.4879145283887,330.8483868635367,448.2595796122214,117.4111927486847,35.4879145283887,Bedroom Added,10000.0,1396.019081781861
89091173,albany,12208,1.0,1.0,-11.904761904761926,2.0,1.0,1125.3333333333333,455895.90018785174,382661.53159270645,30,3.0,2.0,1113.4285714285713,511189.7849961251,506123.1563782984,20,2019-08-07 13:03:17,-2031,55293.884808273346,12.128620763092961,405.1207643849394,459.1132274791989,53.992463094259506,13.327498326636428,Bed+Bath Added,25000.0,221.17553923309336
89091221,albany,12208,1.0,1.0,,2.0,1.0,1208.0,527778.3075422695,561648.00245849,6,3.0,2.0,,453343.8062823245,441717.8030761969,8,2019-08-07 13:05:15,-2031,-74434.50125994498,-14.10336502964051,436.9025724687661,,,,Bed+Bath Added,25000.0,-297.7380050397799
89091245,albany,12208,0.0,1.0,0.0,3.0,1.0,912.0,495870.60367567604,473805.1109932844,12,3.0,2.0,912.0,549163.5211932024,569620.7279227509,8,2019-08-07 13:04:30,-2031,53292.91751752631,10.747343585703362,543.7177671882413,602.1529837644763,58.43521657623501,10.747343585703366,Bathroom Added,15000.0,355.2861167835087
89091494,albany,12208,1.0,1.0,-42.0,2.0,1.0,950.0,439572.8677951247,360324.2833218917,6,3.0,2.0,908.0,384564.72566222923,394178.9149131357,8,2018-01-31 22:03:16,-2217,-55008.142132895475,-12.513998511512673,462.70828188960496,423.5294335487106,-39.178848340894376,-8.46728919156062,Bed+Bath Added,25000.0,-220.03256853158192
89091680,albany,12208,0.0,1.0,-21.59259259259261,2.0,1.0,1008.5925925925926,520872.32524196623,519506.7166405596,33,2.0,2.0,987.0,486757.54599695787,500209.37751654757,12,2021-06-14 20:42:32,-1356,-34114.779245008365,-6.549547286690778,516.4348113077662,493.1687396119127,-23.26607169585344,-4.505132339343439,Bathroom Added,15000.0,-227.4318616333891
89091848,albany,12209,1.0,1.0,581.0,2.0,1.0,780.0,508250.1926579287,548626.6334204756,17,3.0,2.0,1361.0,488606.1540145965,477841.49849533674,16,2022-06-25 17:50:00,-614,-19644.0386433322,-3.865033191744084,651.6028110999085,359.0052564398211,-292.59755466008744,-44.90428059482761,Bed+Bath Added,25000.0,-78.5761545733288
89091932,albany,12209,0.0,1.0,0.0,3.0,1.0,1225.0,606926.2585911613,661900.3708785111,6,3.0,2.0,1225.0,460752.7860457891,430097.86970680335,18,2019-08-12 20:38:21,-1660,-146173.47254537226,-24.084222832058728,495.45000701319293,376.12472330268497,-119.32528371050796,-24.084222832058725,Bathroom Added,15000.0,-974.4898169691485
89092007,albany,12208,1.0,1.0,0.0,1.0,1.0,888.0,531623.9637394787,548870.4462875203,10,2.0,2.0,888.0,475584.224772905,526847.0270044149,10,2021-02-01 00:09:20,-1122,-56039.73896657373,-10.54123643569158,598.6756348417554,535.5678206902084,-63.10781415154702,-10.541236435691584,Bed+Bath Added,25000.0,-224.15895586629492
89092118,albany,12208,1.0,2.0,0.0,3.0,1.0,1627.0,732765.121232926,732765.121232926,2,4.0,3.0,1627.0,498044.76621467323,471326.5709351745,35,2023-08-01 14:04:50,-3,-234720.3550182528,-32.03214075245833,450.37807082540013,306.1123332604015,-144.26573756499863,-32.032140752458325,Bed+Bath Added,40000.0,-586.800887545632
89092190,albany,12209,1.0,0.0,,2.0,1.0,1447.0,521399.0721508407,541605.7483983759,8,3.0,1.0,,542439.2280627956,531909.2120481364,4,2023-12-06 16:05:22,-2,21040.155911954877,4.03532668847327,360.33107957901916,,,,Bedroom Added,10000.0,210.40155911954878
89092196,albany,12209,1.0,0.0,-13.0,2.0,1.0,1393.0,417678.66430846043,366482.37603227573,6,3.0,1.0,1380.0,439122.3616028996,442670.91434115206,8,2019-08-07 13:02:29,-2031,21443.69729443919,5.134017877102473,299.84110862057463,318.20460985717364,18.363501236599006,6.124410799133142,Bedroom Added,10000.0,214.43697294439187
89092220,albany,12209,1.0,0.0,0.0,2.0,1.0,1100.0,723258.961816529,723258.961816529,2,3.0,1.0,1100.0,444677.13937863894,436333.4778755609,6,2019-07-17 09:55:31,67,-278581.8224378901,-38.517576296352715,657.5081471059354,404.25194488967173,-253.25620221626372,-38.517576296352715,Bedroom Added,10000.0,-2785.818224378901
89092295,albany,12209,1.0,0.0,-123.0,2.0,2.0,1376.0,454472.7820700261,457300.64940181165,14,3.0,2.0,1253.0,437059.36683451565,464812.31007808156,12,2019-09-09 21:53:24,-1549,-17413.415235510445,-3.8315639401321397,330.28545208577475,348.8103486308984,18.524896545123624,5.608753406526888,Bedroom Added,10000.0,-174.13415235510445
89092343,albany,12209,0.0,1.0,-42.0,3.0,1.0,1194.0,446079.660700412,340538.0269224592,6,3.0,2.0,1152.0,493625.74722272716,483525.41988766566,14,2019-10-17 12:58:36,200,47546.08652231516,10.658653758761535,373.60105586299164,428.49457224195066,54.89351637895902,14.693083843716376,Bathroom Added,15000.0,316.97391014876774
89092478,albany,12209,0.0,1.0,31.0,3.0,1.0,1455.0,484194.6663771129,450174.9736313445,6,3.0,2.0,1486.0,512162.1221407315,553124.8954046101,19,2023-11-04 22:24:22,-480,27967.45576361858,5.776076794252882,332.77983943444184,344.6582248591733,11.878385424731448,3.5694426215598645,Bathroom Added,15000.0,186.44970509079053
89092565,albany,12209,1.0,0.0,-24.0,2.0,1.0,1214.0,459369.11862187966,411525.6612905591,14,3.0,1.0,1190.0,581771.3410174192,661817.2633178453,20,2019-10-01 23:55:20,-1527,122402.22239553957,26.645722891157703,378.3930136918284,488.88347984657076,110.49046615474236,29.19992234442474,Bedroom Added,10000.0,1224.022223955396
89092589,albany,12208,1.0,0.0,-22.0,3.0,2.0,1514.0,526946.876249504,553736.0840060802,14,4.0,2.0,1492.0,491083.92504429707,528989.7468599079,10,2018-02-05 12:22:44,-2152,-35862.95120520698,-6.805800133109856,348.0494559111651,329.1447218795557,-18.90473403160945,-5.431622923276348,Bedroom Added,10000.0,-358.62951205206974
89092625,albany,12209,2.0,0.0,18.971428571428532,1.0,1.0,934.0,456371.5512670685,424400.99772540614,11,3.0,1.0,952.9714285714285,503868.5969888963,501901.2379230337,39,2023-03-03 00:07:16,-727,47497.04572182783,10.407538679822874,488.62050456859583,528.7342116271324,40.113707058536534,8.20958324169245,Bedroom Added,20000.0,237.48522860913917
89092652,albany,12209,1.0,0.0,68.33333333333326,3.0,2.0,1386.6666666666667,520494.69682347676,531783.3825428888,38,4.0,2.0,1455.0,503672.98387877084,564686.8038080845,24,2019-08-07 13:03:33,-1584,-16821.712944705912,-3.2318701895268136,375.3567525169303,346.16699922939574,-29.189753287534586,-7.776536079823952,Bedroom Added,10000.0,-168.21712944705914
89092808,albany,12210,0.0,1.0,0.0,3.0,1.0,1301.0,476178.3185409255,431272.3269200928,8,3.0,2.0,1301.0,492739.9774619514,487556.95330520003,29,2018-02-02 00:10:13,-2217,16561.658921025868,3.478037171405246,366.0094685172371,378.73941388312943,12.72994536589232,3.4780371714052545,Bathroom Added,15000.0,110.41105947350577
89092850,albany,12208,3.0,0.0,-238.0,1.0,1.0,938.0,440325.581895521,408875.6202342602,8,4.0,1.0,700.0,527970.5818785955,553888.679833039,8,2019-08-07 13:05:53,-1665,87644.9999830745,19.904589600672033,469.4302578843508,754.2436883979937,284.81343051364286,60.672150064900535,Bedroom Added,30000.0,292.14999994358163
89092901,albany,12210,2.0,0.0,53.571428571428555,1.0,1.0,1014.4285714285714,523778.9712802753,528931.24542733,24,3.0,1.0,1068.0,496366.4766237652,573093.1160322343,7,2023-07-26 13:22:45,-582,-27412.494656510127,-5.233599697503251,516.3290802650229,464.7626185615779,-51.566461703444986,-9.987131012837162,Bedroom Added,20000.0,-137.06247328255063
89092955,albany,12210,1.0,1.0,71.62068965517233,2.0,1.0,1103.0,478623.9187580494,471325.9980097323,8,3.0,2.0,1174.6206896551723,552283.2843825558,561463.0988541351,33,2018-05-23 13:01:03,-2475,73659.36562450638,15.38982126418595,433.9292101160919,470.1801094144586,36.25089929836673,8.354104414558378,Bed+Bath Added,25000.0,294.6374624980255
89092958,albany,12208,2.0,0.0,2.0,3.0,1.0,1274.0,498517.07525443274,461765.3753559305,8,5.0,1.0,1276.0,430725.53193226835,354279.9664165113,8,2019-08-07 13:03:33,-1584,-67791.54332216439,-13.598640184504212,391.30068701289855,337.55919430428554,-53.74149270861301,-13.734065513368627,Bedroom Added,20000.0,-338.957716610822
89092991,albany,12210,1.0,1.0,286.6470588235294,2.0,1.0,923.3529411764706,489575.39432319376,479369.8458963704,21,3.0,2.0,1210.0,471917.20377987885,415936.7066450039,11,2022-12-21 02:33:14,-435,-17658.190543314908,-3.606837832960583,530.2147992287886,390.01421799989987,-140.20058122888872,-26.442223308895596,Bed+Bath Added,25000.0,-70.63276217325964
89093039,albany,12210,2.0,0.0,37.0,1.0,1.0,923.0,505788.410416031,473971.12548589834,6,3.0,1.0,960.0,535143.7065008222,539285.3164353303,6,2023-12-05 21:43:46,-449,29355.29608479119,5.803868866952743,547.9831098765234,557.4413609383565,9.458251061833153,1.7260114210389395,Bedroom Added,20000.0,146.77648042395595
89093075,albany,12209,1.0,0.0,9.75,2.0,1.0,1715.0,380840.86866097763,326767.2713386929,8,3.0,1.0,1724.75,397613.8449861555,382755.76973554585,16,2019-08-07 13:02:45,-1665,16772.97632517788,4.404195480424946,222.06464644954963,230.5341904543589,8.46954400480928,3.8139992746362066,Bedroom Added,10000.0,167.7297632517788
89093282,albany,12208,1.0,0.0,749.8333333333333,3.0,2.0,1615.6666666666667,433432.70068700844,386611.80082681845,12,4.0,2.0,2365.5,532100.5326663143,575758.6132530267,8,2019-08-07 13:03:17,-2030,98667.83197930583,22.764279627013213,268.268640821338,224.9420979354531,-43.32654288588492,-16.150431430686528,Bedroom Added,10000.0,986.6783197930583
89093450,albany,12202,1.0,0.0,0.0,2.0,1.0,1026.0,551459.5339210061,495098.8401500927,7,3.0,1.0,1026.0,435742.29942570324,416787.59013015975,13,2022-07-09 09:32:06,-964,-115717.2344953029,-20.98381247895495,537.4849258489338,424.70009690614353,-112.78482894279028,-20.983812478954942,Bedroom Added,10000.0,-1157.1723449530289
89093498,albany,12202,1.0,0.0,-1.3333333333332575,3.0,2.0,1510.0,448458.5665506745,448458.5665506745,2,4.0,2.0,1508.6666666666667,537362.0934670244,517652.95737929223,6,2024-08-29 14:16:04,0,88903.52691634989,19.824245437020558,296.99242817925466,356.18344684071434,59.19101866145968,19.930144018935717,Bedroom Added,10000.0,889.0352691634989
89093624,albany,12207,1.0,0.0,4.110294117647072,2.0,2.0,1307.764705882353,527982.2705510885,545578.2907587962,23,3.0,2.0,1311.875,515849.7551522401,555206.6051862082,40,2018-09-24 18:43:57,-2348,-12132.515398848394,-2.2979020462533564,403.7287963012102,393.21563041619066,-10.513165885019532,-2.6040168502560737,Bedroom Added,10000.0,-121.32515398848393
89093645,albany,12209,1.0,0.0,,2.0,1.0,883.6315789473684,506773.0096082152,507249.48929679615,27,3.0,1.0,,285954.3695814767,285954.3695814767,1,2022-04-12 19:24:54,-687,-220818.64002673846,-43.573480797142835,573.5116554027094,,,,Bedroom Added,10000.0,-2208.1864002673847
89093708,albany,12209,1.0,1.0,114.56818181818176,2.0,1.0,1000.0,559264.5780937237,594233.4987381294,4,3.0,2.0,1114.5681818181818,500716.8002658748,495783.58810337726,55,2019-10-29 21:29:31,-1520,-58547.77782784897,-10.46870839333531,559.2645780937238,449.24734837581804,-110.01722971790576,-19.67176789434868,Bed+Bath Added,25000.0,-234.19111131139587
89093729,albany,12209,1.0,0.0,40.5,3.0,2.0,1388.0,476482.0528051434,455005.58511444554,8,4.0,2.0,1428.5,474613.906239787,472584.36163755483,10,2022-04-20 13:21:30,1010,-1868.1465653564082,-0.39207070955941836,343.2867815599016,332.2463466851852,-11.040434874716425,-3.216096706243241,Bedroom Added,10000.0,-18.681465653564082
89093840,albany,12209,0.0,1.0,-87.3478260869565,2.0,1.0,1256.3478260869565,495551.74258254084,520148.74462874315,41,2.0,2.0,1169.0,540635.4089404807,584482.3070244432,32,2022-09-13 19:27:03,-897,45083.66635793983,9.097670835135958,394.4383333125152,462.47682544095863,68.03849212844341,17.249462433595724,Bathroom Added,15000.0,300.55777571959885
89093876,albany,12202,0.0,1.0,0.0,3.0,1.0,1500.0,417152.0208430243,354521.342810874,9,3.0,2.0,1500.0,521823.1291996828,506686.4392772266,12,2023-07-02 01:05:40,-247,104671.10835665849,25.091837777779,278.10134722868287,347.88208613312185,69.78073890443898,25.09183777777899,Bathroom Added,15000.0,697.8073890443899
89093888,albany,12202,1.0,0.0,-209.28571428571422,3.0,2.0,1289.2857142857142,462384.36343177664,385620.8749558342,9,4.0,2.0,1080.0,478954.98861355183,478954.98861355183,2,2018-01-31 22:03:16,-2135,16570.62518177519,3.583733900253341,358.63607135982676,443.4768413088443,84.84076994901756,23.656507731453235,Bedroom Added,10000.0,165.7062518177519
