treated_id,control_id,match_rank,distance,treated_beds,control_beds,treated_baths,control_baths,treated_sqft,control_sqft
89081993,CONTROL_0047,1,1.8192936192704958,4.0,4.0,2.0,2.0,2562.0,2919.8711523010174
89081993,CONTROL_0272,2,2.0648643166926655,4.0,4.0,2.0,2.0,2562.0,2295.332918629926
89081993,CONTROL_0070,3,2.0675176634648893,4.0,4.0,2.0,2.0,2562.0,2524.300272996553
89081993,CONTROL_0171,4,2.163730976324749,4.0,4.0,2.0,2.0,2562.0,2504.4800715360543
89081993,CONTROL_0021,5,2.192044970339317,4.0,5.0,2.0,2.0,2562.0,2573.238601371416
89082446,CONTROL_0047,1,2.5528439801893312,3.0,4.0,3.0,2.0,3025.875,2919.8711523010174
89082446,CONTROL_0187,2,2.5589744222345376,3.0,4.0,3.0,3.0,3025.875,2553.7537354543683
89082446,CONTROL_0214,3,2.6939438475747095,3.0,3.0,3.0,3.0,3025.875,2563.2396525734393
89082446,CONTROL_0043,4,2.808167901068944,3.0,4.0,3.0,3.0,3025.875,2661.021017898127
89082446,CONTROL_0152,5,2.811617900059281,3.0,4.0,3.0,3.0,3025.875,2511.6084272026324
89082449,CONTROL_0047,1,3.043245296006447,4.0,4.0,2.0,2.0,3183.9583333333335,2919.8711523010174
89082449,CONTROL_0021,2,3.1406009153645242,4.0,5.0,2.0,2.0,3183.9583333333335,2573.238601371416
89082449,CONTROL_0064,3,3.194251825752682,4.0,5.0,2.0,1.0,3183.9583333333335,3066.28104255746
89082449,CONTROL_0229,4,3.229686123378193,4.0,5.0,2.0,2.0,3183.9583333333335,3391.7414332405506
89082449,CONTROL_0161,5,3.2532537521327707,4.0,5.0,2.0,2.0,3183.9583333333335,3159.354466653909
89082485,CONTROL_0218,1,1.6607506264477718,3.0,3.0,2.0,2.0,,2328.0530549849227
89082485,CONTROL_0101,2,1.7058229448385338,3.0,3.0,2.0,2.0,,2393.5740368279376
89082485,CONTROL_0245,3,1.7118217521265378,3.0,3.0,2.0,2.0,,2241.510811568184
89082485,CONTROL_0032,4,1.7581358345695437,3.0,3.0,2.0,2.0,,1896.7145928913835
89082485,CONTROL_0280,5,1.8035179230543616,3.0,3.0,2.0,2.0,,2691.363826499095
89082497,CONTROL_0047,1,5.369511752666818,3.0,4.0,3.0,2.0,2966.125,2919.8711523010174
89082497,CONTROL_0162,2,5.506051027930449,3.0,5.0,3.0,3.0,2966.125,2932.2294335440824
89082497,CONTROL_0187,3,5.527995559563852,3.0,4.0,3.0,3.0,2966.125,2553.7537354543683
89082497,CONTROL_0272,4,5.655299552797117,3.0,4.0,3.0,2.0,2966.125,2295.332918629926
89082497,CONTROL_0225,5,5.71875480369457,3.0,5.0,3.0,3.0,2966.125,2971.0846296690966
89082626,CONTROL_0047,1,3.823011117978367,3.0,4.0,3.0,2.0,3758.0,2919.8711523010174
89082626,CONTROL_0162,2,3.8372988381757227,3.0,5.0,3.0,3.0,3758.0,2932.2294335440824
89082626,CONTROL_0187,3,3.932225090761688,3.0,4.0,3.0,3.0,3758.0,2553.7537354543683
89082626,CONTROL_0164,4,3.9741194951571504,3.0,4.0,3.0,2.0,3758.0,3066.149661588681
89082626,CONTROL_0225,5,3.981979310659567,3.0,5.0,3.0,3.0,3758.0,2971.0846296690966
89082644,CONTROL_0214,1,2.2078844009584837,3.0,3.0,3.0,3.0,2618.25,2563.2396525734393
89082644,CONTROL_0187,2,2.2246198254612954,3.0,4.0,3.0,3.0,2618.25,2553.7537354543683
89082644,CONTROL_0147,3,2.2860465877920553,3.0,3.0,3.0,3.0,2618.25,2379.128260134767
89082644,CONTROL_0026,4,2.3439366092655978,3.0,3.0,3.0,3.0,2618.25,2114.591167099252
89082644,CONTROL_0047,5,2.3457545679200518,3.0,4.0,3.0,2.0,2618.25,2919.8711523010174
89082677,CONTROL_0101,1,1.2374761808805907,3.0,3.0,2.0,2.0,2523.0,2393.5740368279376
89082677,CONTROL_0286,2,1.24019883329854,3.0,3.0,2.0,2.0,2523.0,2446.4466488667044
89082677,CONTROL_0272,3,1.25010888315186,3.0,4.0,2.0,2.0,2523.0,2295.332918629926
89082677,CONTROL_0171,4,1.2918302787008553,3.0,4.0,2.0,2.0,2523.0,2504.4800715360543
89082677,CONTROL_0107,5,1.297257687916385,3.0,3.0,2.0,2.0,2523.0,2169.529889609949
89082701,CONTROL_0011,1,2.16785245784347,3.0,3.0,1.0,1.0,1636.0,2264.5473772774913
89082701,CONTROL_0263,2,2.282334760527968,3.0,4.0,1.0,1.0,1636.0,2439.3196601325826
89082701,CONTROL_0102,3,2.370069815447604,3.0,3.0,1.0,1.0,1636.0,2412.399358658699
89082701,CONTROL_0144,4,2.3934200189716672,3.0,3.0,1.0,1.0,1636.0,2172.3810357357484
89082701,CONTROL_0032,5,2.5363424217887505,3.0,3.0,1.0,2.0,1636.0,1896.7145928913835
89082842,CONTROL_0144,1,1.1221578985035927,3.0,3.0,1.0,1.0,1531.0,2172.3810357357484
89082842,CONTROL_0266,2,1.207222582399147,3.0,3.0,1.0,1.0,1531.0,2173.8958372352267
89082842,CONTROL_0149,3,1.222049589250224,3.0,3.0,1.0,1.0,1531.0,2173.5315837576914
89082842,CONTROL_0123,4,1.2528651190777884,3.0,3.0,1.0,1.0,1531.0,2076.737448474917
89082842,CONTROL_0299,5,1.2653237645841366,3.0,3.0,1.0,1.0,1531.0,2064.31514559634
89082953,CONTROL_0144,1,1.289269959822619,3.0,3.0,1.0,1.0,1457.3333333333333,2172.3810357357484
89082953,CONTROL_0266,2,1.391650432301719,3.0,3.0,1.0,1.0,1457.3333333333333,2173.8958372352267
89082953,CONTROL_0149,3,1.4137815216751022,3.0,3.0,1.0,1.0,1457.3333333333333,2173.5315837576914
89082953,CONTROL_0123,4,1.426252874491065,3.0,3.0,1.0,1.0,1457.3333333333333,2076.737448474917
89082953,CONTROL_0299,5,1.4353843814806664,3.0,3.0,1.0,1.0,1457.3333333333333,2064.31514559634
89083046,CONTROL_0234,1,1.3510177325793002,3.0,3.0,2.0,2.0,1530.0,1953.1244805234492
89083046,CONTROL_0032,2,1.4134712113710886,3.0,3.0,2.0,2.0,1530.0,1896.7145928913835
89083046,CONTROL_0093,3,1.4699722780079933,3.0,3.0,2.0,2.0,1530.0,2067.654755384204
89083046,CONTROL_0107,4,1.5737730731689514,3.0,3.0,2.0,2.0,1530.0,2169.529889609949
89083046,CONTROL_0073,5,1.705767795026755,3.0,3.0,2.0,2.0,1530.0,2176.1585533656475
89083103,CONTROL_0011,1,2.1156443236985916,3.0,3.0,1.0,1.0,1284.0,2264.5473772774913
89083103,CONTROL_0102,2,2.3576746733454286,3.0,3.0,1.0,1.0,1284.0,2412.399358658699
89083103,CONTROL_0032,3,2.4326460059283295,3.0,3.0,1.0,2.0,1284.0,1896.7145928913835
89083103,CONTROL_0144,4,2.4363232416338496,3.0,3.0,1.0,1.0,1284.0,2172.3810357357484
89083103,CONTROL_0149,5,2.4842434923824284,3.0,3.0,1.0,1.0,1284.0,2173.5315837576914
89083229,CONTROL_0272,1,3.801585013783967,2.0,4.0,2.0,2.0,2058.0,2295.332918629926
89083229,CONTROL_0032,2,3.9089230481558213,2.0,3.0,2.0,2.0,2058.0,1896.7145928913835
89083229,CONTROL_0101,3,3.9321658302772433,2.0,3.0,2.0,2.0,2058.0,2393.5740368279376
89083229,CONTROL_0107,4,3.9704026661648224,2.0,3.0,2.0,2.0,2058.0,2169.529889609949
89083229,CONTROL_0171,5,4.03644075494554,2.0,4.0,2.0,2.0,2058.0,2504.4800715360543
89083364,CONTROL_0032,1,3.2098354755991707,3.0,3.0,2.0,2.0,1710.0,1896.7145928913835
89083364,CONTROL_0272,2,3.2531520053264495,3.0,4.0,2.0,2.0,1710.0,2295.332918629926
89083364,CONTROL_0047,3,3.3423820029652758,3.0,4.0,2.0,2.0,1710.0,2919.8711523010174
89083364,CONTROL_0070,4,3.3523456194898205,3.0,4.0,2.0,2.0,1710.0,2524.300272996553
89083364,CONTROL_0101,5,3.4033991955370726,3.0,3.0,2.0,2.0,1710.0,2393.5740368279376
89083736,CONTROL_0200,1,2.4456245338561686,2.0,2.0,1.0,1.0,1162.0,1546.60631850984
89083736,CONTROL_0011,2,2.4857287083260435,2.0,3.0,1.0,1.0,1162.0,2264.5473772774913
89083736,CONTROL_0024,3,2.615983011621197,2.0,2.0,1.0,1.0,1162.0,2028.7503516404836
89083736,CONTROL_0038,4,2.632656737810487,2.0,2.0,1.0,2.0,1162.0,1777.3595165588363
89083736,CONTROL_0048,5,2.636227980623625,2.0,2.0,1.0,1.0,1162.0,1863.7679539194683
89084030,CONTROL_0047,1,2.231894115772604,3.0,4.0,2.0,2.0,2554.3636363636365,2919.8711523010174
89084030,CONTROL_0272,2,2.4114644483393866,3.0,4.0,2.0,2.0,2554.3636363636365,2295.332918629926
89084030,CONTROL_0070,3,2.4349224405246925,3.0,4.0,2.0,2.0,2554.3636363636365,2524.300272996553
89084030,CONTROL_0171,4,2.5112123373967625,3.0,4.0,2.0,2.0,2554.3636363636365,2504.4800715360543
89084030,CONTROL_0191,5,2.577176096869261,3.0,4.0,2.0,2.0,2554.3636363636365,2673.0117423973165
89084753,CONTROL_0047,1,3.7262796975877173,3.0,4.0,2.0,2.0,4025.0,2919.8711523010174
89084753,CONTROL_0164,2,3.8522252827416263,3.0,4.0,2.0,2.0,4025.0,3066.149661588681
89084753,CONTROL_0229,3,3.9283862597018158,3.0,5.0,2.0,2.0,4025.0,3391.7414332405506
89084753,CONTROL_0139,4,4.070024088241129,3.0,4.0,2.0,2.0,4025.0,2762.9482229166033
89084753,CONTROL_0161,5,4.087128044564947,3.0,5.0,2.0,2.0,4025.0,3159.354466653909
89084765,CONTROL_0047,1,2.222644760221345,3.0,4.0,2.0,2.0,2247.5,2919.8711523010174
89084765,CONTROL_0272,2,2.228700403284458,3.0,4.0,2.0,2.0,2247.5,2295.332918629926
89084765,CONTROL_0070,3,2.2786596792999005,3.0,4.0,2.0,2.0,2247.5,2524.300272996553
89084765,CONTROL_0101,4,2.3422113231975943,3.0,3.0,2.0,2.0,2247.5,2393.5740368279376
89084765,CONTROL_0171,5,2.3718111651124345,3.0,4.0,2.0,2.0,2247.5,2504.4800715360543
89084840,CONTROL_0200,1,0.9639991906507385,2.0,2.0,1.0,1.0,1223.0,1546.60631850984
89084840,CONTROL_0048,2,1.3132048958050957,2.0,2.0,1.0,1.0,1223.0,1863.7679539194683
89084840,CONTROL_0024,3,1.4752723642042391,2.0,2.0,1.0,1.0,1223.0,2028.7503516404836
89084840,CONTROL_0284,4,1.5464733199619363,2.0,2.0,1.0,1.0,1223.0,1983.5848718921127
89084840,CONTROL_0061,5,1.5843008092685795,2.0,2.0,1.0,1.0,1223.0,1994.2499586283038
89084855,CONTROL_0093,1,0.8399944684882115,3.0,3.0,2.0,2.0,1902.4117647058824,2067.654755384204
89084855,CONTROL_0107,2,0.8881296569832784,3.0,3.0,2.0,2.0,1902.4117647058824,2169.529889609949
89084855,CONTROL_0234,3,0.9027061821678639,3.0,3.0,2.0,2.0,1902.4117647058824,1953.1244805234492
89084855,CONTROL_0032,4,0.9088109682716216,3.0,3.0,2.0,2.0,1902.4117647058824,1896.7145928913835
89084855,CONTROL_0084,5,1.0383004523859267,3.0,3.0,2.0,2.0,1902.4117647058824,2235.734251985577
89085011,CONTROL_0234,1,1.3492266947343416,3.0,3.0,2.0,2.0,1532.0,1953.1244805234492
89085011,CONTROL_0032,2,1.4119882818648484,3.0,3.0,2.0,2.0,1532.0,1896.7145928913835
89085011,CONTROL_0093,3,1.4678794554402688,3.0,3.0,2.0,2.0,1532.0,2067.654755384204
89085011,CONTROL_0107,4,1.5714471386958893,3.0,3.0,2.0,2.0,1532.0,2169.529889609949
89085011,CONTROL_0073,5,1.7035997917542474,3.0,3.0,2.0,2.0,1532.0,2176.1585533656475
89085041,CONTROL_0047,1,5.466019056820082,3.0,4.0,2.0,2.0,2226.7368421052633,2919.8711523010174
89085041,CONTROL_0263,2,5.772558183307753,3.0,4.0,2.0,1.0,2226.7368421052633,2439.3196601325826
89085041,CONTROL_0070,3,5.849156198360488,3.0,4.0,2.0,2.0,2226.7368421052633,2524.300272996553
89085041,CONTROL_0272,4,5.921153328861306,3.0,4.0,2.0,2.0,2226.7368421052633,2295.332918629926
89085041,CONTROL_0011,5,5.95107500008862,3.0,3.0,2.0,1.0,2226.7368421052633,2264.5473772774913
89085053,CONTROL_0032,1,1.939101356569501,3.0,3.0,2.0,2.0,1310.4347826086957,1896.7145928913835
89085053,CONTROL_0245,2,2.326555194573007,3.0,3.0,2.0,2.0,1310.4347826086957,2241.510811568184
89085053,CONTROL_0218,3,2.3865846370981063,3.0,3.0,2.0,2.0,1310.4347826086957,2328.0530549849227
89085053,CONTROL_0107,4,2.431334020574575,3.0,3.0,2.0,2.0,1310.4347826086957,2169.529889609949
89085053,CONTROL_0073,5,2.47278378936304,3.0,3.0,2.0,2.0,1310.4347826086957,2176.1585533656475
89085086,CONTROL_0038,1,1.3911747903318963,2.0,2.0,2.0,2.0,1521.0,1777.3595165588363
89085086,CONTROL_0032,2,1.4236794632180103,2.0,3.0,2.0,2.0,1521.0,1896.7145928913835
89085086,CONTROL_0124,3,1.4316100253802875,2.0,2.0,2.0,2.0,1521.0,1704.658269692216
89085086,CONTROL_0055,4,1.4591227311381285,2.0,2.0,2.0,2.0,1521.0,1575.6028545605297
89085086,CONTROL_0093,5,1.586703636915732,2.0,3.0,2.0,2.0,1521.0,2067.654755384204
89085215,CONTROL_0164,1,2.264132335491678,3.0,4.0,2.0,2.0,3167.0,3066.149661588681
89085215,CONTROL_0054,2,2.3268745719314667,3.0,4.0,2.0,2.0,3167.0,2730.587525123412
89085215,CONTROL_0139,3,2.412525530831276,3.0,4.0,2.0,2.0,3167.0,2762.9482229166033
89085215,CONTROL_0226,4,2.413611012418728,3.0,4.0,2.0,2.0,3167.0,2620.9235840971583
89085215,CONTROL_0046,5,2.449995419956967,3.0,4.0,2.0,2.0,3167.0,2784.6635104651896
89085494,CONTROL_0272,1,2.3643860174325027,3.0,4.0,2.0,2.0,2027.888888888889,2295.332918629926
89085494,CONTROL_0070,2,2.51034684492,3.0,4.0,2.0,2.0,2027.888888888889,2524.300272996553
89085494,CONTROL_0032,3,2.517422096396663,3.0,3.0,2.0,2.0,2027.888888888889,1896.7145928913835
89085494,CONTROL_0047,4,2.558777407086703,3.0,4.0,2.0,2.0,2027.888888888889,2919.8711523010174
89085494,CONTROL_0171,5,2.578429996490321,3.0,4.0,2.0,2.0,2027.888888888889,2504.4800715360543
89085497,CONTROL_0032,1,2.2091662669164527,3.0,3.0,2.0,2.0,1781.3333333333333,1896.7145928913835
89085497,CONTROL_0272,2,2.339433620868569,3.0,4.0,2.0,2.0,1781.3333333333333,2295.332918629926
89085497,CONTROL_0101,3,2.434939295404514,3.0,3.0,2.0,2.0,1781.3333333333333,2393.5740368279376
89085497,CONTROL_0107,4,2.4737000123474773,3.0,3.0,2.0,2.0,1781.3333333333333,2169.529889609949
89085497,CONTROL_0245,5,2.4796831152985654,3.0,3.0,2.0,2.0,1781.3333333333333,2241.510811568184
89085506,CONTROL_0272,1,2.35810700790712,3.0,4.0,2.0,2.0,2048.0,2295.332918629926
89085506,CONTROL_0070,2,2.4991619385176467,3.0,4.0,2.0,2.0,2048.0,2524.300272996553
89085506,CONTROL_0032,3,2.5206515969149748,3.0,3.0,2.0,2.0,2048.0,1896.7145928913835
89085506,CONTROL_0047,4,2.538845992685984,3.0,4.0,2.0,2.0,2048.0,2919.8711523010174
89085506,CONTROL_0171,5,2.56798632336499,3.0,4.0,2.0,2.0,2048.0,2504.4800715360543
89085512,CONTROL_0272,1,3.396918477809411,3.0,4.0,2.0,2.0,1990.0,2295.332918629926
89085512,CONTROL_0226,2,3.624443846698708,3.0,4.0,2.0,2.0,1990.0,2620.9235840971583
89085512,CONTROL_0044,3,3.678269654236713,3.0,4.0,2.0,2.0,1990.0,2338.2012617271553
89085512,CONTROL_0054,4,3.6940639631429057,3.0,4.0,2.0,2.0,1990.0,2730.587525123412
89085512,CONTROL_0060,5,3.721870358646801,3.0,4.0,2.0,2.0,1990.0,2322.0175717725365
89085590,CONTROL_0032,1,2.019894860408156,3.0,3.0,2.0,2.0,2039.0,1896.7145928913835
89085590,CONTROL_0101,2,2.0994808167226684,3.0,3.0,2.0,2.0,2039.0,2393.5740368279376
89085590,CONTROL_0218,3,2.139426401745287,3.0,3.0,2.0,2.0,2039.0,2328.0530549849227
89085590,CONTROL_0272,4,2.153803330972928,3.0,4.0,2.0,2.0,2039.0,2295.332918629926
89085590,CONTROL_0245,5,2.1630856800634914,3.0,3.0,2.0,2.0,2039.0,2241.510811568184
89085617,CONTROL_0272,1,2.7156708255496294,3.0,4.0,2.0,2.0,2185.0,2295.332918629926
89085617,CONTROL_0047,2,2.892172913563735,3.0,4.0,2.0,2.0,2185.0,2919.8711523010174
89085617,CONTROL_0070,3,2.9112160358030623,3.0,4.0,2.0,2.0,2185.0,2524.300272996553
89085617,CONTROL_0171,4,2.9417792986576177,3.0,4.0,2.0,2.0,2185.0,2504.4800715360543
89085617,CONTROL_0060,5,3.0853217529110992,3.0,4.0,2.0,2.0,2185.0,2322.0175717725365
89085638,CONTROL_0032,1,2.005495623702399,3.0,3.0,2.0,2.0,1899.6153846153845,1896.7145928913835
89085638,CONTROL_0101,2,2.1786644101080275,3.0,3.0,2.0,2.0,1899.6153846153845,2393.5740368279376
89085638,CONTROL_0218,3,2.2053545020991185,3.0,3.0,2.0,2.0,1899.6153846153845,2328.0530549849227
89085638,CONTROL_0245,4,2.2127544944913655,3.0,3.0,2.0,2.0,1899.6153846153845,2241.510811568184
89085638,CONTROL_0272,5,2.2134105541144993,3.0,4.0,2.0,2.0,1899.6153846153845,2295.332918629926
89085794,CONTROL_0032,1,2.0063288519503426,3.0,3.0,2.0,2.0,1931.0,1896.7145928913835
89085794,CONTROL_0101,2,2.158840745846418,3.0,3.0,2.0,2.0,1931.0,2393.5740368279376
89085794,CONTROL_0218,3,2.1884658877117937,3.0,3.0,2.0,2.0,1931.0,2328.0530549849227
89085794,CONTROL_0272,4,2.1979225058006344,3.0,4.0,2.0,2.0,1931.0,2295.332918629926
89085794,CONTROL_0245,5,2.1994626470148266,3.0,3.0,2.0,2.0,1931.0,2241.510811568184
89085908,CONTROL_0055,1,1.5270193479696865,2.0,2.0,2.0,2.0,1304.0,1575.6028545605297
89085908,CONTROL_0038,2,1.5456114439644228,2.0,2.0,2.0,2.0,1304.0,1777.3595165588363
89085908,CONTROL_0124,3,1.553280934528785,2.0,2.0,2.0,2.0,1304.0,1704.658269692216
89085908,CONTROL_0032,4,1.621350629616395,2.0,3.0,2.0,2.0,1304.0,1896.7145928913835
89085908,CONTROL_0250,5,1.7492766161471478,2.0,2.0,2.0,2.0,1304.0,1777.2073088702546
89085923,CONTROL_0164,1,3.231366638496828,3.0,4.0,3.0,2.0,4377.333333333333,3066.149661588681
89085923,CONTROL_0193,2,3.2314305638910534,3.0,4.0,3.0,3.0,4377.333333333333,2872.9843080230694
89085923,CONTROL_0275,3,3.3621050796183876,3.0,4.0,3.0,3.0,4377.333333333333,2987.466421350479
89085923,CONTROL_0229,4,3.3939925212088555,3.0,5.0,3.0,2.0,4377.333333333333,3391.7414332405506
89085923,CONTROL_0047,5,3.430148131062485,3.0,4.0,3.0,2.0,4377.333333333333,2919.8711523010174
89085983,CONTROL_0047,1,2.808351038568311,3.0,4.0,2.0,2.0,2529.4,2919.8711523010174
89085983,CONTROL_0272,2,2.830230619311128,3.0,4.0,2.0,2.0,2529.4,2295.332918629926
89085983,CONTROL_0070,3,2.9627290932513777,3.0,4.0,2.0,2.0,2529.4,2524.300272996553
89085983,CONTROL_0171,4,2.993103883565625,3.0,4.0,2.0,2.0,2529.4,2504.4800715360543
89085983,CONTROL_0139,5,3.0623080831253295,3.0,4.0,2.0,2.0,2529.4,2762.9482229166033
89086031,CONTROL_0187,1,2.972115418189249,3.0,4.0,3.0,3.0,3060.0,2553.7537354543683
89086031,CONTROL_0047,2,3.0150421324103265,3.0,4.0,3.0,2.0,3060.0,2919.8711523010174
89086031,CONTROL_0193,3,3.2392166047102697,3.0,4.0,3.0,3.0,3060.0,2872.9843080230694
89086031,CONTROL_0162,4,3.2440786266434674,3.0,5.0,3.0,3.0,3060.0,2932.2294335440824
89086031,CONTROL_0043,5,3.256160367384965,3.0,4.0,3.0,3.0,3060.0,2661.021017898127
89086061,CONTROL_0272,1,2.7197076320172324,3.0,4.0,2.0,2.0,2154.5,2295.332918629926
89086061,CONTROL_0047,2,2.914742471871108,3.0,4.0,2.0,2.0,2154.5,2919.8711523010174
89086061,CONTROL_0070,3,2.9218359039854236,3.0,4.0,2.0,2.0,2154.5,2524.300272996553
89086061,CONTROL_0171,4,2.9517026853618415,3.0,4.0,2.0,2.0,2154.5,2504.4800715360543
89086061,CONTROL_0060,5,3.0896301030567446,3.0,4.0,2.0,2.0,2154.5,2322.0175717725365
89086067,CONTROL_0272,1,2.717315766400305,3.0,4.0,2.0,2.0,2419.0,2295.332918629926
89086067,CONTROL_0047,2,2.745256622438677,3.0,4.0,2.0,2.0,2419.0,2919.8711523010174
89086067,CONTROL_0070,3,2.8595794551324554,3.0,4.0,2.0,2.0,2419.0,2524.300272996553
89086067,CONTROL_0171,4,2.8952805459620516,3.0,4.0,2.0,2.0,2419.0,2504.4800715360543
89086067,CONTROL_0139,5,2.9944842503979996,3.0,4.0,2.0,2.0,2419.0,2762.9482229166033
89086091,CONTROL_0047,1,3.393158730901283,3.0,4.0,2.0,2.0,3547.0,2919.8711523010174
89086091,CONTROL_0164,2,3.5872754655133505,3.0,4.0,2.0,2.0,3547.0,3066.149661588681
89086091,CONTROL_0139,3,3.709956261963286,3.0,4.0,2.0,2.0,3547.0,2762.9482229166033
89086091,CONTROL_0229,4,3.7884904258177663,3.0,5.0,2.0,2.0,3547.0,3391.7414332405506
89086091,CONTROL_0191,5,3.8334395065479403,3.0,4.0,2.0,2.0,3547.0,2673.0117423973165
89086127,CONTROL_0200,1,1.4586798987099239,2.0,2.0,1.0,1.0,1092.0,1546.60631850984
89086127,CONTROL_0048,2,1.7596077805708332,2.0,2.0,1.0,1.0,1092.0,1863.7679539194683
89086127,CONTROL_0024,3,1.8862102931809306,2.0,2.0,1.0,1.0,1092.0,2028.7503516404836
89086127,CONTROL_0284,4,1.9670772174083881,2.0,2.0,1.0,1.0,1092.0,1983.5848718921127
89086127,CONTROL_0061,5,2.048282635551698,2.0,2.0,1.0,1.0,1092.0,1994.2499586283038
89086328,CONTROL_0055,1,1.1926273738707645,2.0,2.0,2.0,2.0,1340.0,1575.6028545605297
89086328,CONTROL_0038,2,1.21622267202983,2.0,2.0,2.0,2.0,1340.0,1777.3595165588363
89086328,CONTROL_0124,3,1.31637230877898,2.0,2.0,2.0,2.0,1340.0,1704.658269692216
89086328,CONTROL_0250,4,1.440069666285277,2.0,2.0,2.0,2.0,1340.0,1777.2073088702546
89086328,CONTROL_0092,5,1.4618247889256384,2.0,2.0,2.0,2.0,1340.0,1801.726609058714
89086571,CONTROL_0032,1,4.051196383073013,2.0,3.0,2.0,2.0,1373.0,1896.7145928913835
89086571,CONTROL_0011,2,4.267424013805637,2.0,3.0,2.0,1.0,1373.0,2264.5473772774913
89086571,CONTROL_0218,3,4.267579229177752,2.0,3.0,2.0,2.0,1373.0,2328.0530549849227
89086571,CONTROL_0245,4,4.267797266556319,2.0,3.0,2.0,2.0,1373.0,2241.510811568184
89086571,CONTROL_0067,5,4.301706426717665,2.0,2.0,2.0,2.0,1373.0,2001.1885239207245
89086607,CONTROL_0144,1,1.0519303456626061,3.0,3.0,1.0,1.0,1554.2,2172.3810357357484
89086607,CONTROL_0123,2,1.0978833941361645,3.0,3.0,1.0,1.0,1554.2,2076.737448474917
89086607,CONTROL_0266,3,1.1029678416033746,3.0,3.0,1.0,1.0,1554.2,2173.8958372352267
89086607,CONTROL_0299,4,1.1063097629668297,3.0,3.0,1.0,1.0,1554.2,2064.31514559634
89086607,CONTROL_0149,5,1.1224819170465854,3.0,3.0,1.0,1.0,1554.2,2173.5315837576914
89086613,CONTROL_0011,1,1.828007600566903,3.0,3.0,1.0,1.0,1570.0,2264.5473772774913
89086613,CONTROL_0102,2,2.051387281606977,3.0,3.0,1.0,1.0,1570.0,2412.399358658699
89086613,CONTROL_0263,3,2.1934929487171106,3.0,4.0,1.0,1.0,1570.0,2439.3196601325826
89086613,CONTROL_0144,4,2.1980127983922624,3.0,3.0,1.0,1.0,1570.0,2172.3810357357484
89086613,CONTROL_0149,5,2.2731209500266862,3.0,3.0,1.0,1.0,1570.0,2173.5315837576914
89086724,CONTROL_0187,1,2.1662230425209827,4.0,4.0,3.0,3.0,2748.0,2553.7537354543683
89086724,CONTROL_0047,2,2.289971170497905,4.0,4.0,3.0,2.0,2748.0,2919.8711523010174
89086724,CONTROL_0162,3,2.3072475635508964,4.0,5.0,3.0,3.0,2748.0,2932.2294335440824
89086724,CONTROL_0152,4,2.445870142914403,4.0,4.0,3.0,3.0,2748.0,2511.6084272026324
89086724,CONTROL_0043,5,2.490125804349292,4.0,4.0,3.0,3.0,2748.0,2661.021017898127
89086901,CONTROL_0279,1,0.35165467693130076,4.0,4.0,2.0,2.0,3165.0,3037.5979819098893
89086901,CONTROL_0164,2,0.47057449957401404,4.0,4.0,2.0,2.0,3165.0,3066.149661588681
89086901,CONTROL_0202,3,0.5049498805243534,4.0,4.0,2.0,2.0,3165.0,2869.0783533782605
89086901,CONTROL_0237,4,0.6267733685812727,4.0,4.0,2.0,2.0,3165.0,2868.9580402000306
89086901,CONTROL_0185,5,0.6961814789118338,4.0,4.0,2.0,2.0,3165.0,2762.1774107371107
89086910,CONTROL_0272,1,2.3973099837179976,3.0,4.0,2.0,2.0,1940.0,2295.332918629926
89086910,CONTROL_0032,2,2.508684243262504,3.0,3.0,2.0,2.0,1940.0,1896.7145928913835
89086910,CONTROL_0070,3,2.563960370057004,3.0,4.0,2.0,2.0,1940.0,2524.300272996553
89086910,CONTROL_0101,4,2.621566833715021,3.0,3.0,2.0,2.0,1940.0,2393.5740368279376
89086910,CONTROL_0171,5,2.6287590077142022,3.0,4.0,2.0,2.0,1940.0,2504.4800715360543
89086934,CONTROL_0032,1,2.0054973227515362,3.0,3.0,2.0,2.0,1900.0,1896.7145928913835
89086934,CONTROL_0101,2,2.1784147265208977,3.0,3.0,2.0,2.0,1900.0,2393.5740368279376
89086934,CONTROL_0218,3,2.205140573284054,3.0,3.0,2.0,2.0,1900.0,2328.0530549849227
89086934,CONTROL_0245,4,2.2125843701841146,3.0,3.0,2.0,2.0,1900.0,2241.510811568184
89086934,CONTROL_0272,5,2.2132136904850266,3.0,4.0,2.0,2.0,1900.0,2295.332918629926
89086958,CONTROL_0047,1,2.026729517887721,3.0,4.0,2.0,2.0,,2919.8711523010174
89086958,CONTROL_0101,2,2.0311829111133743,3.0,3.0,2.0,2.0,,2393.5740368279376
89086958,CONTROL_0070,3,2.07770941197105,3.0,4.0,2.0,2.0,,2524.300272996553
89086958,CONTROL_0032,4,2.082647224964735,3.0,3.0,2.0,2.0,,1896.7145928913835
89086958,CONTROL_0218,5,2.089540989959616,3.0,3.0,2.0,2.0,,2328.0530549849227
89086976,CONTROL_0272,1,2.329576729741483,3.0,4.0,2.0,2.0,2175.0,2295.332918629926
89086976,CONTROL_0047,2,2.4202557898098123,3.0,4.0,2.0,2.0,2175.0,2919.8711523010174
89086976,CONTROL_0070,3,2.4383380905590317,3.0,4.0,2.0,2.0,2175.0,2524.300272996553
89086976,CONTROL_0171,4,2.511703698505028,3.0,4.0,2.0,2.0,2175.0,2504.4800715360543
89086976,CONTROL_0101,5,2.5338102528219895,3.0,3.0,2.0,2.0,2175.0,2393.5740368279376
89087000,CONTROL_0032,1,1.6660355364752997,3.0,3.0,2.0,2.0,1892.0,1896.7145928913835
89087000,CONTROL_0218,2,1.8095181693577094,3.0,3.0,2.0,2.0,1892.0,2328.0530549849227
89087000,CONTROL_0245,3,1.8110056927432976,3.0,3.0,2.0,2.0,1892.0,2241.510811568184
89087000,CONTROL_0101,4,1.8847867929336926,3.0,3.0,2.0,2.0,1892.0,2393.5740368279376
89087000,CONTROL_0107,5,2.0045123721284375,3.0,3.0,2.0,2.0,1892.0,2169.529889609949
89087006,CONTROL_0272,1,2.709469355509995,3.0,4.0,2.0,2.0,2316.0,2295.332918629926
89087006,CONTROL_0047,2,2.80398819578151,3.0,4.0,2.0,2.0,2316.0,2919.8711523010174
89087006,CONTROL_0070,3,2.875710628421008,3.0,4.0,2.0,2.0,2316.0,2524.300272996553
89087006,CONTROL_0171,4,2.909204680455729,3.0,4.0,2.0,2.0,2316.0,2504.4800715360543
89087006,CONTROL_0139,5,3.033193445150014,3.0,4.0,2.0,2.0,2316.0,2762.9482229166033
89087024,CONTROL_0107,1,0.5344125537897462,3.0,3.0,2.0,2.0,2000.0,2169.529889609949
89087024,CONTROL_0032,2,0.5723915439306796,3.0,3.0,2.0,2.0,2000.0,1896.7145928913835
89087024,CONTROL_0093,3,0.5910581035997925,3.0,3.0,2.0,2.0,2000.0,2067.654755384204
89087024,CONTROL_0073,4,0.6802111195613443,3.0,3.0,2.0,2.0,2000.0,2176.1585533656475
89087024,CONTROL_0084,5,0.7712807940763559,3.0,3.0,2.0,2.0,2000.0,2235.734251985577
89087030,CONTROL_0032,1,3.1319282541947437,3.0,3.0,2.0,2.0,788.0,1896.7145928913835
89087030,CONTROL_0272,2,3.4486411893644817,3.0,4.0,2.0,2.0,788.0,2295.332918629926
89087030,CONTROL_0107,3,3.5394118259843217,3.0,3.0,2.0,2.0,788.0,2169.529889609949
89087030,CONTROL_0093,4,3.575175329296684,3.0,3.0,2.0,2.0,788.0,2067.654755384204
89087030,CONTROL_0073,5,3.6368170470393597,3.0,3.0,2.0,2.0,788.0,2176.1585533656475
89087063,CONTROL_0272,1,2.397735083356639,3.0,4.0,2.0,2.0,1939.0,2295.332918629926
89087063,CONTROL_0032,2,2.5086353936407146,3.0,3.0,2.0,2.0,1939.0,1896.7145928913835
89087063,CONTROL_0070,3,2.5646135731785034,3.0,4.0,2.0,2.0,1939.0,2524.300272996553
89087063,CONTROL_0101,4,2.6220628911462143,3.0,3.0,2.0,2.0,1939.0,2393.5740368279376
89087063,CONTROL_0171,5,2.629374522974453,3.0,4.0,2.0,2.0,1939.0,2504.4800715360543
89087174,CONTROL_0272,1,2.3234070941257636,3.0,4.0,2.0,2.0,,2295.332918629926
89087174,CONTROL_0047,2,2.3742952813223273,3.0,4.0,2.0,2.0,,2919.8711523010174
89087174,CONTROL_0070,3,2.4179582181719272,3.0,4.0,2.0,2.0,,2524.300272996553
89087174,CONTROL_0171,4,2.4931440028266874,3.0,4.0,2.0,2.0,,2504.4800715360543
89087174,CONTROL_0101,5,2.522169663962976,3.0,3.0,2.0,2.0,,2393.5740368279376
89087201,CONTROL_0032,1,2.0072537575287503,3.0,3.0,2.0,2.0,1847.0,1896.7145928913835
89087201,CONTROL_0101,2,2.2143598050344693,3.0,3.0,2.0,2.0,1847.0,2393.5740368279376
89087201,CONTROL_0218,3,2.2362135141177504,3.0,3.0,2.0,2.0,1847.0,2328.0530549849227
89087201,CONTROL_0245,4,2.2376909108819656,3.0,3.0,2.0,2.0,1847.0,2241.510811568184
89087201,CONTROL_0272,5,2.2419604541947216,3.0,4.0,2.0,2.0,1847.0,2295.332918629926
89087228,CONTROL_0272,1,2.4333102654197543,3.0,4.0,2.0,2.0,2127.0,2295.332918629926
89087228,CONTROL_0070,2,2.583114890967575,3.0,4.0,2.0,2.0,2127.0,2524.300272996553
89087228,CONTROL_0047,3,2.5871599125885005,3.0,4.0,2.0,2.0,2127.0,2919.8711523010174
89087228,CONTROL_0171,4,2.641442929886848,3.0,4.0,2.0,2.0,2127.0,2504.4800715360543
89087228,CONTROL_0032,5,2.697183072529743,3.0,3.0,2.0,2.0,2127.0,1896.7145928913835
89087270,CONTROL_0272,1,2.3264270432011385,3.0,4.0,2.0,2.0,1915.0,2295.332918629926
89087270,CONTROL_0032,2,2.3456705143173915,3.0,3.0,2.0,2.0,1915.0,1896.7145928913835
89087270,CONTROL_0070,3,2.468479790535337,3.0,4.0,2.0,2.0,1915.0,2524.300272996553
89087270,CONTROL_0101,4,2.482255790588461,3.0,3.0,2.0,2.0,1915.0,2393.5740368279376
89087270,CONTROL_0171,5,2.5461065600310437,3.0,4.0,2.0,2.0,1915.0,2504.4800715360543
89087300,CONTROL_0272,1,2.417538637233298,3.0,4.0,2.0,2.0,1895.0,2295.332918629926
89087300,CONTROL_0032,2,2.5076161115166746,3.0,3.0,2.0,2.0,1895.0,1896.7145928913835
89087300,CONTROL_0070,3,2.594284866770089,3.0,4.0,2.0,2.0,1895.0,2524.300272996553
89087300,CONTROL_0101,4,2.6448695995443114,3.0,3.0,2.0,2.0,1895.0,2393.5740368279376
89087300,CONTROL_0171,5,2.6573832717108328,3.0,4.0,2.0,2.0,1895.0,2504.4800715360543
89087312,CONTROL_0272,1,1.9530036208143837,3.0,4.0,2.0,2.0,2041.0,2295.332918629926
89087312,CONTROL_0032,2,2.018084775554745,3.0,3.0,2.0,2.0,2041.0,1896.7145928913835
89087312,CONTROL_0101,3,2.088162427446364,3.0,3.0,2.0,2.0,2041.0,2393.5740368279376
89087312,CONTROL_0070,4,2.100550415320809,3.0,4.0,2.0,2.0,2041.0,2524.300272996553
89087312,CONTROL_0107,5,2.1568094013447494,3.0,3.0,2.0,2.0,2041.0,2169.529889609949
89087318,CONTROL_0032,1,2.5438264464074716,3.0,3.0,2.0,2.0,1644.0,1896.7145928913835
89087318,CONTROL_0272,2,2.569155012508471,3.0,4.0,2.0,2.0,1644.0,2295.332918629926
89087318,CONTROL_0070,3,2.795638953823825,3.0,4.0,2.0,2.0,1644.0,2524.300272996553
89087318,CONTROL_0107,4,2.802097357291707,3.0,3.0,2.0,2.0,1644.0,2169.529889609949
89087318,CONTROL_0101,5,2.8093869038424804,3.0,3.0,2.0,2.0,1644.0,2393.5740368279376
89087372,CONTROL_0272,1,2.3827565796784245,3.0,4.0,2.0,2.0,1976.0,2295.332918629926
89087372,CONTROL_0032,2,2.51120193765263,3.0,3.0,2.0,2.0,1976.0,1896.7145928913835
89087372,CONTROL_0070,3,2.5410840029781783,3.0,4.0,2.0,2.0,1976.0,2524.300272996553
89087372,CONTROL_0101,4,2.604378374818,3.0,3.0,2.0,2.0,1976.0,2393.5740368279376
89087372,CONTROL_0171,5,2.607235405268742,3.0,4.0,2.0,2.0,1976.0,2504.4800715360543
89087405,CONTROL_0272,1,2.3593180853231925,3.0,4.0,2.0,2.0,2044.0,2295.332918629926
89087405,CONTROL_0070,2,2.501353648779162,3.0,4.0,2.0,2.0,2044.0,2524.300272996553
89087405,CONTROL_0032,3,2.519972971215102,3.0,3.0,2.0,2.0,2044.0,1896.7145928913835
89087405,CONTROL_0047,4,2.5427864030751834,3.0,4.0,2.0,2.0,2044.0,2919.8711523010174
89087405,CONTROL_0171,5,2.5700309885281998,3.0,4.0,2.0,2.0,2044.0,2504.4800715360543
89087525,CONTROL_0101,1,2.7854029753873943,2.0,3.0,2.0,2.0,2165.0,2393.5740368279376
89087525,CONTROL_0032,2,2.796382793383109,2.0,3.0,2.0,2.0,2165.0,1896.7145928913835
89087525,CONTROL_0218,3,2.8926292939089056,2.0,3.0,2.0,2.0,2165.0,2328.0530549849227
89087525,CONTROL_0107,4,2.8958987591265686,2.0,3.0,2.0,2.0,2165.0,2169.529889609949
89087525,CONTROL_0280,5,2.9033425529152423,2.0,3.0,2.0,2.0,2165.0,2691.363826499095
89087570,CONTROL_0054,1,2.1792592860682802,3.0,4.0,2.0,2.0,2681.7246376811595,2730.587525123412
89087570,CONTROL_0272,2,2.180834935822159,3.0,4.0,2.0,2.0,2681.7246376811595,2295.332918629926
89087570,CONTROL_0226,3,2.187304829182966,3.0,4.0,2.0,2.0,2681.7246376811595,2620.9235840971583
89087570,CONTROL_0069,4,2.3073170246265735,3.0,4.0,2.0,2.0,2681.7246376811595,2557.3542327626274
89087570,CONTROL_0139,5,2.3188946730979683,3.0,4.0,2.0,2.0,2681.7246376811595,2762.9482229166033
89087612,CONTROL_0032,1,2.2636210691128387,3.0,3.0,2.0,2.0,1529.7333333333333,1896.7145928913835
89087612,CONTROL_0272,2,2.520965425528109,3.0,4.0,2.0,2.0,1529.7333333333333,2295.332918629926
89087612,CONTROL_0107,3,2.6003793147194947,3.0,3.0,2.0,2.0,1529.7333333333333,2169.529889609949
89087612,CONTROL_0245,4,2.621212349723767,3.0,3.0,2.0,2.0,1529.7333333333333,2241.510811568184
89087612,CONTROL_0101,5,2.6248959564620904,3.0,3.0,2.0,2.0,1529.7333333333333,2393.5740368279376
89087726,CONTROL_0032,1,0.945521927467288,3.0,3.0,2.0,2.0,1838.857142857143,1896.7145928913835
89087726,CONTROL_0093,2,0.9928007086027376,3.0,3.0,2.0,2.0,1838.857142857143,2067.654755384204
89087726,CONTROL_0107,3,1.0161645531344363,3.0,3.0,2.0,2.0,1838.857142857143,2169.529889609949
89087726,CONTROL_0234,4,1.0734720598163179,3.0,3.0,2.0,2.0,1838.857142857143,1953.1244805234492
89087726,CONTROL_0073,5,1.162655665053968,3.0,3.0,2.0,2.0,1838.857142857143,2176.1585533656475
89088002,CONTROL_0144,1,1.5857461272444335,3.0,3.0,1.0,1.0,1273.0,2172.3810357357484
89088002,CONTROL_0123,2,1.6690046949641535,3.0,3.0,1.0,1.0,1273.0,2076.737448474917
89088002,CONTROL_0266,3,1.6705281270125898,3.0,3.0,1.0,1.0,1273.0,2173.8958372352267
89088002,CONTROL_0299,4,1.6728988215921896,3.0,3.0,1.0,1.0,1273.0,2064.31514559634
89088002,CONTROL_0149,5,1.6888951586490863,3.0,3.0,1.0,1.0,1273.0,2173.5315837576914
89088125,CONTROL_0272,1,2.3816029517326682,3.0,4.0,2.0,2.0,2211.9565217391305,2295.332918629926
89088125,CONTROL_0047,2,2.464544626733525,3.0,4.0,2.0,2.0,2211.9565217391305,2919.8711523010174
89088125,CONTROL_0070,3,2.4991155598698995,3.0,4.0,2.0,2.0,2211.9565217391305,2524.300272996553
89088125,CONTROL_0171,4,2.5652859341418224,3.0,4.0,2.0,2.0,2211.9565217391305,2504.4800715360543
89088125,CONTROL_0101,5,2.6212089716033167,3.0,3.0,2.0,2.0,2211.9565217391305,2393.5740368279376
89088191,CONTROL_0032,1,2.007325409348678,3.0,3.0,2.0,2.0,1846.0,1896.7145928913835
89088191,CONTROL_0101,2,2.215067320357091,3.0,3.0,2.0,2.0,1846.0,2393.5740368279376
89088191,CONTROL_0218,3,2.2368302203030357,3.0,3.0,2.0,2.0,1846.0,2328.0530549849227
89088191,CONTROL_0245,4,2.2381964644022228,3.0,3.0,2.0,2.0,1846.0,2241.510811568184
89088191,CONTROL_0272,5,2.242533789303629,3.0,4.0,2.0,2.0,1846.0,2295.332918629926
89088194,CONTROL_0218,1,1.6607506264477718,3.0,3.0,2.0,2.0,,2328.0530549849227
89088194,CONTROL_0101,2,1.7058229448385338,3.0,3.0,2.0,2.0,,2393.5740368279376
89088194,CONTROL_0245,3,1.7118217521265378,3.0,3.0,2.0,2.0,,2241.510811568184
89088194,CONTROL_0032,4,1.7581358345695437,3.0,3.0,2.0,2.0,,1896.7145928913835
89088194,CONTROL_0280,5,1.8035179230543616,3.0,3.0,2.0,2.0,,2691.363826499095
89088203,CONTROL_0032,1,0.9892427137990959,3.0,3.0,2.0,2.0,1379.7,1896.7145928913835
89088203,CONTROL_0093,2,1.2755203843563987,3.0,3.0,2.0,2.0,1379.7,2067.654755384204
89088203,CONTROL_0234,3,1.3252104361043195,3.0,3.0,2.0,2.0,1379.7,1953.1244805234492
89088203,CONTROL_0252,4,1.3305312399980171,3.0,3.0,2.0,2.0,1379.7,2041.6309063418475
89088203,CONTROL_0107,5,1.386202098897137,3.0,3.0,2.0,2.0,1379.7,2169.529889609949
89088230,CONTROL_0107,1,0.471084289971146,3.0,3.0,2.0,2.0,2088.8529411764707,2169.529889609949
89088230,CONTROL_0093,2,0.5809704991130443,3.0,3.0,2.0,2.0,2088.8529411764707,2067.654755384204
89088230,CONTROL_0073,3,0.628996721193027,3.0,3.0,2.0,2.0,2088.8529411764707,2176.1585533656475
89088230,CONTROL_0032,4,0.6346778117645774,3.0,3.0,2.0,2.0,2088.8529411764707,1896.7145928913835
89088230,CONTROL_0084,5,0.705337044272809,3.0,3.0,2.0,2.0,2088.8529411764707,2235.734251985577
89088326,CONTROL_0032,1,0.9848968284886559,3.0,3.0,2.0,2.0,1412.0,1896.7145928913835
89088326,CONTROL_0093,2,1.2520072848216013,3.0,3.0,2.0,2.0,1412.0,2067.654755384204
89088326,CONTROL_0234,3,1.2925161284225617,3.0,3.0,2.0,2.0,1412.0,1953.1244805234492
89088326,CONTROL_0252,4,1.3335275174873849,3.0,3.0,2.0,2.0,1412.0,2041.6309063418475
89088326,CONTROL_0107,5,1.3590137626767174,3.0,3.0,2.0,2.0,1412.0,2169.529889609949
89088365,CONTROL_0032,1,1.0114858123400932,3.0,3.0,2.0,2.0,1320.0,1896.7145928913835
89088365,CONTROL_0252,2,1.2492989840744317,3.0,3.0,2.0,2.0,1320.0,2041.6309063418475
89088365,CONTROL_0093,3,1.365454647714469,3.0,3.0,2.0,2.0,1320.0,2067.654755384204
89088365,CONTROL_0114,4,1.4087601643987506,3.0,3.0,2.0,2.0,1320.0,2127.9295706722005
89088365,CONTROL_0037,5,1.4164571213837651,3.0,3.0,2.0,2.0,1320.0,2132.7500185042586
89088425,CONTROL_0187,1,3.485649565889274,3.0,4.0,3.0,3.0,2011.857142857143,2553.7537354543683
89088425,CONTROL_0272,2,3.572230866086507,3.0,4.0,3.0,2.0,2011.857142857143,2295.332918629926
89088425,CONTROL_0222,3,3.7009710366998383,3.0,4.0,3.0,3.0,2011.857142857143,2369.895305840764
89088425,CONTROL_0257,4,3.7556319561935565,3.0,4.0,3.0,3.0,2011.857142857143,2432.9549899174403
89088425,CONTROL_0152,5,3.800677371604588,3.0,4.0,3.0,3.0,2011.857142857143,2511.6084272026324
89088443,CONTROL_0162,1,2.5957801766390856,4.0,5.0,3.0,3.0,3220.0,2932.2294335440824
89088443,CONTROL_0225,2,2.7936548291925973,4.0,5.0,3.0,3.0,3220.0,2971.0846296690966
89088443,CONTROL_0047,3,2.822546841672943,4.0,4.0,3.0,2.0,3220.0,2919.8711523010174
89088443,CONTROL_0187,4,2.836428645606603,4.0,4.0,3.0,3.0,3220.0,2553.7537354543683
89088443,CONTROL_0193,5,3.0678640899034573,4.0,4.0,3.0,3.0,3220.0,2872.9843080230694
89088509,CONTROL_0038,1,0.991257034638821,2.0,2.0,2.0,2.0,1653.0,1777.3595165588363
89088509,CONTROL_0124,2,1.0540703323454732,2.0,2.0,2.0,2.0,1653.0,1704.658269692216
89088509,CONTROL_0055,3,1.0810887161766125,2.0,2.0,2.0,2.0,1653.0,1575.6028545605297
89088509,CONTROL_0250,4,1.190500200464674,2.0,2.0,2.0,2.0,1653.0,1777.2073088702546
89088509,CONTROL_0030,5,1.1918163075574164,2.0,2.0,2.0,2.0,1653.0,1880.4650130000548
89088566,CONTROL_0032,1,1.6674407664088509,3.0,3.0,2.0,2.0,1856.0,1896.7145928913835
89088566,CONTROL_0245,2,1.831810927356616,3.0,3.0,2.0,2.0,1856.0,2241.510811568184
89088566,CONTROL_0218,3,1.8352091902456336,3.0,3.0,2.0,2.0,1856.0,2328.0530549849227
89088566,CONTROL_0101,4,1.9130002716133063,3.0,3.0,2.0,2.0,1856.0,2393.5740368279376
89088566,CONTROL_0107,5,2.0196572209829395,3.0,3.0,2.0,2.0,1856.0,2169.529889609949
89088584,CONTROL_0032,1,2.0283111289992184,2.0,3.0,2.0,2.0,1964.0,1896.7145928913835
89088584,CONTROL_0067,2,2.087195623403655,2.0,2.0,2.0,2.0,1964.0,2001.1885239207245
89088584,CONTROL_0218,3,2.1059018733962165,2.0,3.0,2.0,2.0,1964.0,2328.0530549849227
89088584,CONTROL_0245,4,2.1156328932190522,2.0,3.0,2.0,2.0,1964.0,2241.510811568184
89088584,CONTROL_0101,5,2.1646856387608318,2.0,3.0,2.0,2.0,1964.0,2393.5740368279376
89088803,CONTROL_0032,1,2.3891087324049174,2.0,3.0,2.0,2.0,1542.0,1896.7145928913835
89088803,CONTROL_0245,2,2.699713662400342,2.0,3.0,2.0,2.0,1542.0,2241.510811568184
89088803,CONTROL_0107,3,2.715249803010795,2.0,3.0,2.0,2.0,1542.0,2169.529889609949
89088803,CONTROL_0218,4,2.726361830057038,2.0,3.0,2.0,2.0,1542.0,2328.0530549849227
89088803,CONTROL_0101,5,2.7295171935735993,2.0,3.0,2.0,2.0,1542.0,2393.5740368279376
89088830,CONTROL_0032,1,1.8599941437159795,3.0,3.0,2.0,2.0,1782.0666666666666,1896.7145928913835
89088830,CONTROL_0245,2,2.1018690198591004,3.0,3.0,2.0,2.0,1782.0666666666666,2241.510811568184
89088830,CONTROL_0218,3,2.1100913971509154,3.0,3.0,2.0,2.0,1782.0666666666666,2328.0530549849227
89088830,CONTROL_0101,4,2.128485016111701,3.0,3.0,2.0,2.0,1782.0666666666666,2393.5740368279376
89088830,CONTROL_0107,5,2.1902233517872594,3.0,3.0,2.0,2.0,1782.0666666666666,2169.529889609949
89088935,CONTROL_0032,1,1.714700562837844,3.0,3.0,2.0,2.0,1657.0,1896.7145928913835
89088935,CONTROL_0245,2,1.9769737425273315,3.0,3.0,2.0,2.0,1657.0,2241.510811568184
89088935,CONTROL_0218,3,2.004879434715722,3.0,3.0,2.0,2.0,1657.0,2328.0530549849227
89088935,CONTROL_0101,4,2.0942326150333432,3.0,3.0,2.0,2.0,1657.0,2393.5740368279376
89088935,CONTROL_0107,5,2.133038602099023,3.0,3.0,2.0,2.0,1657.0,2169.529889609949
89088956,CONTROL_0263,1,2.106607056415692,3.0,4.0,1.0,1.0,2549.3333333333335,2439.3196601325826
89088956,CONTROL_0115,2,2.1552203162339967,3.0,3.0,1.0,1.0,2549.3333333333335,2843.0606779283175
89088956,CONTROL_0033,3,2.3036176269801603,3.0,4.0,1.0,1.0,2549.3333333333335,2802.4603425667187
89088956,CONTROL_0011,4,2.3321452311583855,3.0,3.0,1.0,1.0,2549.3333333333335,2264.5473772774913
89088956,CONTROL_0056,5,2.358930586003807,3.0,4.0,1.0,1.0,2549.3333333333335,2694.269693496452
89088971,CONTROL_0200,1,1.8982756587630976,2.0,2.0,1.0,1.0,1138.6363636363637,1546.60631850984
89088971,CONTROL_0048,2,2.10076068447647,2.0,2.0,1.0,1.0,1138.6363636363637,1863.7679539194683
89088971,CONTROL_0024,3,2.1679995395179,2.0,2.0,1.0,1.0,1138.6363636363637,2028.7503516404836
89088971,CONTROL_0144,4,2.21725084488824,2.0,3.0,1.0,1.0,1138.6363636363637,2172.3810357357484
89088971,CONTROL_0299,5,2.2666306750859855,2.0,3.0,1.0,1.0,1138.6363636363637,2064.31514559634
89089052,CONTROL_0093,1,1.6919924634727803,2.0,3.0,2.0,2.0,1873.0,2067.654755384204
89089052,CONTROL_0032,2,1.6942648899714436,2.0,3.0,2.0,2.0,1873.0,1896.7145928913835
89089052,CONTROL_0234,3,1.6998818396996767,2.0,3.0,2.0,2.0,1873.0,1953.1244805234492
89089052,CONTROL_0107,4,1.7036247322438494,2.0,3.0,2.0,2.0,1873.0,2169.529889609949
89089052,CONTROL_0073,5,1.8226889263718016,2.0,3.0,2.0,2.0,1873.0,2176.1585533656475
89089127,CONTROL_0011,1,3.78373552671296,3.0,3.0,1.0,1.0,1040.0,2264.5473772774913
89089127,CONTROL_0102,2,3.9728774418318022,3.0,3.0,1.0,1.0,1040.0,2412.399358658699
89089127,CONTROL_0263,3,4.0256527027756075,3.0,4.0,1.0,1.0,1040.0,2439.3196601325826
89089127,CONTROL_0032,4,4.090386963524821,3.0,3.0,1.0,2.0,1040.0,1896.7145928913835
89089127,CONTROL_0144,5,4.2785982419938575,3.0,3.0,1.0,1.0,1040.0,2172.3810357357484
89089220,CONTROL_0200,1,2.4818945560605528,2.0,2.0,1.0,1.0,1088.0,1546.60631850984
89089220,CONTROL_0011,2,2.5810671405248558,2.0,3.0,1.0,1.0,1088.0,2264.5473772774913
89089220,CONTROL_0038,3,2.684663902618041,2.0,2.0,1.0,2.0,1088.0,1777.3595165588363
89089220,CONTROL_0024,4,2.6882097833657634,2.0,2.0,1.0,1.0,1088.0,2028.7503516404836
89089220,CONTROL_0048,5,2.6949704537168304,2.0,2.0,1.0,1.0,1088.0,1863.7679539194683
89089361,CONTROL_0032,1,1.5692648530854718,3.0,3.0,2.0,2.0,1415.7272727272727,1896.7145928913835
89089361,CONTROL_0245,2,1.9877559513599072,3.0,3.0,2.0,2.0,1415.7272727272727,2241.510811568184
89089361,CONTROL_0218,3,2.054832611310171,3.0,3.0,2.0,2.0,1415.7272727272727,2328.0530549849227
89089361,CONTROL_0107,4,2.0567661010800324,3.0,3.0,2.0,2.0,1415.7272727272727,2169.529889609949
89089361,CONTROL_0073,5,2.104652745484005,3.0,3.0,2.0,2.0,1415.7272727272727,2176.1585533656475
89089463,CONTROL_0200,1,0.8638007841470434,2.0,2.0,1.0,1.0,1548.0,1546.60631850984
89089463,CONTROL_0048,2,0.9775031461383076,2.0,2.0,1.0,1.0,1548.0,1863.7679539194683
89089463,CONTROL_0024,3,1.0270255563313504,2.0,2.0,1.0,1.0,1548.0,2028.7503516404836
89089463,CONTROL_0284,4,1.2043112907746314,2.0,2.0,1.0,1.0,1548.0,1983.5848718921127
89089463,CONTROL_0061,5,1.2065302885234357,2.0,2.0,1.0,1.0,1548.0,1994.2499586283038
89089496,CONTROL_0200,1,2.475618666628484,2.0,2.0,1.0,1.0,1100.0,1546.60631850984
89089496,CONTROL_0011,2,2.5654322218988197,2.0,3.0,1.0,1.0,1100.0,2264.5473772774913
89089496,CONTROL_0038,3,2.675900812947241,2.0,2.0,1.0,2.0,1100.0,1777.3595165588363
89089496,CONTROL_0024,4,2.676231635154373,2.0,2.0,1.0,1.0,1100.0,2028.7503516404836
89089496,CONTROL_0048,5,2.685135154458127,2.0,2.0,1.0,1.0,1100.0,1863.7679539194683
89089568,CONTROL_0200,1,2.3931979740570597,2.0,2.0,1.0,1.0,1063.142857142857,1546.60631850984
89089568,CONTROL_0038,2,2.6341955757885795,2.0,2.0,1.0,2.0,1063.142857142857,1777.3595165588363
89089568,CONTROL_0048,3,2.637966887917528,2.0,2.0,1.0,1.0,1063.142857142857,1863.7679539194683
89089568,CONTROL_0061,4,2.6481571295213446,2.0,2.0,1.0,1.0,1063.142857142857,1994.2499586283038
89089568,CONTROL_0067,5,2.6570617556502656,2.0,2.0,1.0,2.0,1063.142857142857,2001.1885239207245
89089685,CONTROL_0011,1,5.508011970811098,3.0,3.0,1.0,1.0,1305.4736842105262,2264.5473772774913
89089685,CONTROL_0263,2,5.536267251908247,3.0,4.0,1.0,1.0,1305.4736842105262,2439.3196601325826
89089685,CONTROL_0102,3,5.6458520127055145,3.0,3.0,1.0,1.0,1305.4736842105262,2412.399358658699
89089685,CONTROL_0032,4,5.865324023116707,3.0,3.0,1.0,2.0,1305.4736842105262,1896.7145928913835
89089685,CONTROL_0047,5,5.874700461702979,3.0,4.0,1.0,2.0,1305.4736842105262,2919.8711523010174
89089694,CONTROL_0132,1,1.8295357874480211,3.0,4.0,1.0,1.0,2208.0,2388.5930982317395
89089694,CONTROL_0053,2,1.830084527966877,3.0,4.0,1.0,1.0,2208.0,2390.5315421019195
89089694,CONTROL_0144,3,1.856365845969865,3.0,3.0,1.0,1.0,2208.0,2172.3810357357484
89089694,CONTROL_0087,4,1.9287638802304445,3.0,3.0,1.0,1.0,2208.0,2463.5189533099365
89089694,CONTROL_0056,5,1.9838205341914183,3.0,4.0,1.0,1.0,2208.0,2694.269693496452
89089700,CONTROL_0200,1,1.353825761379996,2.0,2.0,1.0,1.0,800.0,1546.60631850984
89089700,CONTROL_0048,2,1.8703810976853525,2.0,2.0,1.0,1.0,800.0,1863.7679539194683
89089700,CONTROL_0055,3,2.039850318026467,2.0,2.0,1.0,2.0,800.0,1575.6028545605297
89089700,CONTROL_0061,4,2.0576428071960695,2.0,2.0,1.0,1.0,800.0,1994.2499586283038
89089700,CONTROL_0024,5,2.1155999683694175,2.0,2.0,1.0,1.0,800.0,2028.7503516404836
89089742,CONTROL_0200,1,1.2743524417865792,2.0,2.0,1.0,1.0,993.0,1546.60631850984
89089742,CONTROL_0048,2,1.6857294875674669,2.0,2.0,1.0,1.0,993.0,1863.7679539194683
89089742,CONTROL_0024,3,1.8615799904164145,2.0,2.0,1.0,1.0,993.0,2028.7503516404836
89089742,CONTROL_0284,4,1.928074180698492,2.0,2.0,1.0,1.0,993.0,1983.5848718921127
89089742,CONTROL_0061,5,1.9382278280099403,2.0,2.0,1.0,1.0,993.0,1994.2499586283038
89089817,CONTROL_0067,1,1.8360792273607507,2.0,2.0,2.0,2.0,1492.7272727272727,2001.1885239207245
89089817,CONTROL_0231,2,1.9062837418351348,2.0,2.0,2.0,2.0,1492.7272727272727,1951.059195440531
89089817,CONTROL_0038,3,1.9240834580437751,2.0,2.0,2.0,2.0,1492.7272727272727,1777.3595165588363
89089817,CONTROL_0140,4,2.0509753571844684,2.0,2.0,2.0,2.0,1492.7272727272727,2082.338072525351
89089817,CONTROL_0032,5,2.103367951018816,2.0,3.0,2.0,2.0,1492.7272727272727,1896.7145928913835
89089826,CONTROL_0200,1,1.2969139095719384,2.0,2.0,1.0,1.0,975.0,1546.60631850984
89089826,CONTROL_0048,2,1.71242479075507,2.0,2.0,1.0,1.0,975.0,1863.7679539194683
89089826,CONTROL_0024,3,1.8902927043134456,2.0,2.0,1.0,1.0,975.0,2028.7503516404836
89089826,CONTROL_0284,4,1.954620010167873,2.0,2.0,1.0,1.0,975.0,1983.5848718921127
89089826,CONTROL_0061,5,1.964916321650679,2.0,2.0,1.0,1.0,975.0,1994.2499586283038
89089847,CONTROL_0200,1,2.052402264993866,2.0,2.0,1.0,1.0,1210.0,1546.60631850984
89089847,CONTROL_0024,2,2.2207946850856453,2.0,2.0,1.0,1.0,1210.0,2028.7503516404836
89089847,CONTROL_0048,3,2.228775782864223,2.0,2.0,1.0,1.0,1210.0,1863.7679539194683
89089847,CONTROL_0011,4,2.2763917791407677,2.0,3.0,1.0,1.0,1210.0,2264.5473772774913
89089847,CONTROL_0144,5,2.2768927587113295,2.0,3.0,1.0,1.0,1210.0,2172.3810357357484
89089889,CONTROL_0200,1,1.3954874942126276,2.0,2.0,1.0,1.0,899.0,1546.60631850984
89089889,CONTROL_0048,2,1.8264387660356676,2.0,2.0,1.0,1.0,899.0,1863.7679539194683
89089889,CONTROL_0024,3,2.012091831748406,2.0,2.0,1.0,1.0,899.0,2028.7503516404836
89089889,CONTROL_0055,4,2.0466454312427493,2.0,2.0,1.0,2.0,899.0,1575.6028545605297
89089889,CONTROL_0284,5,2.0678933881613837,2.0,2.0,1.0,1.0,899.0,1983.5848718921127
89090054,CONTROL_0200,1,2.2629940757482867,2.0,2.0,1.0,1.0,1167.0,1546.60631850984
89090054,CONTROL_0144,2,2.347575105385059,2.0,3.0,1.0,1.0,1167.0,2172.3810357357484
89090054,CONTROL_0048,3,2.4132669723072957,2.0,2.0,1.0,1.0,1167.0,1863.7679539194683
89090054,CONTROL_0024,4,2.446676756795601,2.0,2.0,1.0,1.0,1167.0,2028.7503516404836
89090054,CONTROL_0299,5,2.447134450701275,2.0,3.0,1.0,1.0,1167.0,2064.31514559634
89090087,CONTROL_0200,1,1.7036774903635847,3.0,2.0,1.0,1.0,1008.0,1546.60631850984
89090087,CONTROL_0299,2,1.9212227485746562,3.0,3.0,1.0,1.0,1008.0,2064.31514559634
89090087,CONTROL_0123,3,1.9227429899256947,3.0,3.0,1.0,1.0,1008.0,2076.737448474917
89090087,CONTROL_0246,4,1.945317932028318,3.0,3.0,1.0,1.0,1008.0,2123.833491541956
89090087,CONTROL_0149,5,1.9775409345117503,3.0,3.0,1.0,1.0,1008.0,2173.5315837576914
89090159,CONTROL_0195,1,2.9839379670380914,3.0,3.0,1.0,1.0,2030.0,2184.978692394369
89090159,CONTROL_0102,2,3.0521522469995204,3.0,3.0,1.0,1.0,2030.0,2412.399358658699
89090159,CONTROL_0011,3,3.0616171285679914,3.0,3.0,1.0,1.0,2030.0,2264.5473772774913
89090159,CONTROL_0061,4,3.118494676306497,3.0,2.0,1.0,1.0,2030.0,1994.2499586283038
89090159,CONTROL_0131,5,3.1959998435893224,3.0,2.0,1.0,1.0,2030.0,2275.0746084816074
89090282,CONTROL_0032,1,2.262439482173174,3.0,3.0,2.0,2.0,1446.8181818181818,1896.7145928913835
89090282,CONTROL_0272,2,2.5819867107121746,3.0,4.0,2.0,2.0,1446.8181818181818,2295.332918629926
89090282,CONTROL_0107,3,2.626429570356282,3.0,3.0,2.0,2.0,1446.8181818181818,2169.529889609949
89090282,CONTROL_0245,4,2.6442977409379838,3.0,3.0,2.0,2.0,1446.8181818181818,2241.510811568184
89090282,CONTROL_0101,5,2.6690159459497127,3.0,3.0,2.0,2.0,1446.8181818181818,2393.5740368279376
89090561,CONTROL_0144,1,1.3487515762316629,3.0,3.0,1.0,1.0,1420.0,2172.3810357357484
89090561,CONTROL_0266,2,1.4470413503511577,3.0,3.0,1.0,1.0,1420.0,2173.8958372352267
89090561,CONTROL_0149,3,1.468311286775569,3.0,3.0,1.0,1.0,1420.0,2173.5315837576914
89090561,CONTROL_0123,4,1.4733147990210065,3.0,3.0,1.0,1.0,1420.0,2076.737448474917
89090561,CONTROL_0299,5,1.4812599016804135,3.0,3.0,1.0,1.0,1420.0,2064.31514559634
89090603,CONTROL_0272,1,2.074714177782613,3.0,4.0,2.0,2.0,2312.0,2295.332918629926
89090603,CONTROL_0226,2,2.2901422171199672,3.0,4.0,2.0,2.0,2312.0,2620.9235840971583
89090603,CONTROL_0054,3,2.3174756774179075,3.0,4.0,2.0,2.0,2312.0,2730.587525123412
89090603,CONTROL_0044,4,2.3311283293631724,3.0,4.0,2.0,2.0,2312.0,2338.2012617271553
89090603,CONTROL_0171,5,2.3414077397716277,3.0,4.0,2.0,2.0,2312.0,2504.4800715360543
89090609,CONTROL_0200,1,0.776239753795195,2.0,2.0,1.0,1.0,1189.0,1546.60631850984
89090609,CONTROL_0048,2,1.2495105376782614,2.0,2.0,1.0,1.0,1189.0,1863.7679539194683
89090609,CONTROL_0061,3,1.4163626425104572,2.0,2.0,1.0,1.0,1189.0,1994.2499586283038
89090609,CONTROL_0024,4,1.4734560965565897,2.0,2.0,1.0,1.0,1189.0,2028.7503516404836
89090609,CONTROL_0284,5,1.5093889483242222,2.0,2.0,1.0,1.0,1189.0,1983.5848718921127
89091173,CONTROL_0200,1,0.9338370972960685,2.0,2.0,1.0,1.0,1125.3333333333333,1546.60631850984
89091173,CONTROL_0048,2,1.377640178760521,2.0,2.0,1.0,1.0,1125.3333333333333,1863.7679539194683
89091173,CONTROL_0024,3,1.57551276145897,2.0,2.0,1.0,1.0,1125.3333333333333,2028.7503516404836
89091173,CONTROL_0061,4,1.5975464156739136,2.0,2.0,1.0,1.0,1125.3333333333333,1994.2499586283038
89091173,CONTROL_0284,5,1.6342305601312521,2.0,2.0,1.0,1.0,1125.3333333333333,1983.5848718921127
89091221,CONTROL_0200,1,1.0366011309193817,2.0,2.0,1.0,1.0,1208.0,1546.60631850984
89091221,CONTROL_0048,2,1.3789959825539484,2.0,2.0,1.0,1.0,1208.0,1863.7679539194683
89091221,CONTROL_0024,3,1.5238867762683763,2.0,2.0,1.0,1.0,1208.0,2028.7503516404836
89091221,CONTROL_0284,4,1.6216804484287297,2.0,2.0,1.0,1.0,1208.0,1983.5848718921127
89091221,CONTROL_0061,5,1.629714465456459,2.0,2.0,1.0,1.0,1208.0,1994.2499586283038
89091245,CONTROL_0144,1,2.1789340913759423,3.0,3.0,1.0,1.0,912.0,2172.3810357357484
89091245,CONTROL_0200,2,2.1805402508122835,3.0,2.0,1.0,1.0,912.0,1546.60631850984
89091245,CONTROL_0299,3,2.192778215401439,3.0,3.0,1.0,1.0,912.0,2064.31514559634
89091245,CONTROL_0123,4,2.195666521209287,3.0,3.0,1.0,1.0,912.0,2076.737448474917
89091245,CONTROL_0266,5,2.242088264021546,3.0,3.0,1.0,1.0,912.0,2173.8958372352267
89091494,CONTROL_0200,1,1.1206045115683299,2.0,2.0,1.0,1.0,950.0,1546.60631850984
89091494,CONTROL_0048,2,1.6274854627759907,2.0,2.0,1.0,1.0,950.0,1863.7679539194683
89091494,CONTROL_0061,3,1.808910835461208,2.0,2.0,1.0,1.0,950.0,1994.2499586283038
89091494,CONTROL_0024,4,1.866650110787131,2.0,2.0,1.0,1.0,950.0,2028.7503516404836
89091494,CONTROL_0284,5,1.878757222577283,2.0,2.0,1.0,1.0,950.0,1983.5848718921127
89091680,CONTROL_0200,1,1.239661571252219,2.0,2.0,1.0,1.0,1008.5925925925926,1546.60631850984
89091680,CONTROL_0048,2,1.6475207024170055,2.0,2.0,1.0,1.0,1008.5925925925926,1863.7679539194683
89091680,CONTROL_0024,3,1.8319925473447225,2.0,2.0,1.0,1.0,1008.5925925925926,2028.7503516404836
89091680,CONTROL_0284,4,1.8789245514143533,2.0,2.0,1.0,1.0,1008.5925925925926,1983.5848718921127
89091680,CONTROL_0061,5,1.9193925352508385,2.0,2.0,1.0,1.0,1008.5925925925926,1994.2499586283038
89091848,CONTROL_0200,1,1.3426582937881233,2.0,2.0,1.0,1.0,780.0,1546.60631850984
89091848,CONTROL_0048,2,1.8708091249623684,2.0,2.0,1.0,1.0,780.0,1863.7679539194683
89091848,CONTROL_0055,3,2.034507240203572,2.0,2.0,1.0,2.0,780.0,1575.6028545605297
89091848,CONTROL_0061,4,2.0719119162124753,2.0,2.0,1.0,1.0,780.0,1994.2499586283038
89091848,CONTROL_0284,5,2.1087387806067177,2.0,2.0,1.0,1.0,780.0,1983.5848718921127
89091932,CONTROL_0144,1,1.663877671446616,3.0,3.0,1.0,1.0,1225.0,2172.3810357357484
89091932,CONTROL_0123,2,1.73585024989267,3.0,3.0,1.0,1.0,1225.0,2076.737448474917
89091932,CONTROL_0299,3,1.7386127165497007,3.0,3.0,1.0,1.0,1225.0,2064.31514559634
89091932,CONTROL_0266,4,1.7449867813491988,3.0,3.0,1.0,1.0,1225.0,2173.8958372352267
89091932,CONTROL_0149,5,1.7625496712530304,3.0,3.0,1.0,1.0,1225.0,2173.5315837576914
89092007,CONTROL_0200,1,1.7880746521491755,1.0,2.0,1.0,1.0,888.0,1546.60631850984
89092007,CONTROL_0048,2,2.145009744290729,1.0,2.0,1.0,1.0,888.0,1863.7679539194683
89092007,CONTROL_0024,3,2.3172385890590443,1.0,2.0,1.0,1.0,888.0,2028.7503516404836
89092007,CONTROL_0055,4,2.3335448308715128,1.0,2.0,1.0,2.0,888.0,1575.6028545605297
89092007,CONTROL_0284,5,2.344796767118969,1.0,2.0,1.0,1.0,888.0,1983.5848718921127
89092118,CONTROL_0144,1,0.9658775643172671,3.0,3.0,1.0,1.0,1627.0,2172.3810357357484
89092118,CONTROL_0266,2,1.063124849950004,3.0,3.0,1.0,1.0,1627.0,2173.8958372352267
89092118,CONTROL_0149,3,1.0800248127465406,3.0,3.0,1.0,1.0,1627.0,2173.5315837576914
89092118,CONTROL_0123,4,1.1383977956474307,3.0,3.0,1.0,1.0,1627.0,2076.737448474917
89092118,CONTROL_0299,5,1.1550559200779105,3.0,3.0,1.0,1.0,1627.0,2064.31514559634
89092190,CONTROL_0200,1,1.5179621084816437,2.0,2.0,1.0,1.0,1447.0,1546.60631850984
89092190,CONTROL_0048,2,1.6124362295126584,2.0,2.0,1.0,1.0,1447.0,1863.7679539194683
89092190,CONTROL_0024,3,1.6197023325267605,2.0,2.0,1.0,1.0,1447.0,2028.7503516404836
89092190,CONTROL_0144,4,1.7407806898247338,2.0,3.0,1.0,1.0,1447.0,2172.3810357357484
89092190,CONTROL_0284,5,1.7856110670803749,2.0,2.0,1.0,1.0,1447.0,1983.5848718921127
89092196,CONTROL_0200,1,1.5308079269127193,2.0,2.0,1.0,1.0,1393.0,1546.60631850984
89092196,CONTROL_0048,2,1.6544558585561397,2.0,2.0,1.0,1.0,1393.0,1863.7679539194683
89092196,CONTROL_0024,3,1.6768256633382421,2.0,2.0,1.0,1.0,1393.0,2028.7503516404836
89092196,CONTROL_0144,4,1.8063931665208992,2.0,3.0,1.0,1.0,1393.0,2172.3810357357484
89092196,CONTROL_0284,5,1.8337786709275796,2.0,2.0,1.0,1.0,1393.0,1983.5848718921127
89092220,CONTROL_0200,1,2.475618666628484,2.0,2.0,1.0,1.0,1100.0,1546.60631850984
89092220,CONTROL_0011,2,2.5654322218988197,2.0,3.0,1.0,1.0,1100.0,2264.5473772774913
89092220,CONTROL_0038,3,2.675900812947241,2.0,2.0,1.0,2.0,1100.0,1777.3595165588363
89092220,CONTROL_0024,4,2.676231635154373,2.0,2.0,1.0,1.0,1100.0,2028.7503516404836
89092220,CONTROL_0048,5,2.685135154458127,2.0,2.0,1.0,1.0,1100.0,1863.7679539194683
89092295,CONTROL_0067,1,1.9855206532162148,2.0,2.0,2.0,2.0,1376.0,2001.1885239207245
89092295,CONTROL_0038,2,2.02270423898483,2.0,2.0,2.0,2.0,1376.0,1777.3595165588363
89092295,CONTROL_0231,3,2.0424258201602283,2.0,2.0,2.0,2.0,1376.0,1951.059195440531
89092295,CONTROL_0032,4,2.1566366045876126,2.0,3.0,2.0,2.0,1376.0,1896.7145928913835
89092295,CONTROL_0140,5,2.2019040935860086,2.0,2.0,2.0,2.0,1376.0,2082.338072525351
89092343,CONTROL_0144,1,1.714490964735904,3.0,3.0,1.0,1.0,1194.0,2172.3810357357484
89092343,CONTROL_0123,2,1.7796577960168556,3.0,3.0,1.0,1.0,1194.0,2076.737448474917
89092343,CONTROL_0299,3,1.781733420391208,3.0,3.0,1.0,1.0,1194.0,2064.31514559634
89092343,CONTROL_0266,4,1.7933873622899223,3.0,3.0,1.0,1.0,1194.0,2173.8958372352267
89092343,CONTROL_0149,5,1.8104629305518416,3.0,3.0,1.0,1.0,1194.0,2173.5315837576914
89092478,CONTROL_0144,1,1.6686101149693815,3.0,3.0,1.0,1.0,1455.0,2172.3810357357484
89092478,CONTROL_0266,2,1.8353709080681064,3.0,3.0,1.0,1.0,1455.0,2173.8958372352267
89092478,CONTROL_0149,3,1.8809604763782737,3.0,3.0,1.0,1.0,1455.0,2173.5315837576914
89092478,CONTROL_0123,4,1.8900099461669106,3.0,3.0,1.0,1.0,1455.0,2076.737448474917
89092478,CONTROL_0299,5,1.8968665255846726,3.0,3.0,1.0,1.0,1455.0,2064.31514559634
89092565,CONTROL_0200,1,1.6101715498653655,2.0,2.0,1.0,1.0,1214.0,1546.60631850984
89092565,CONTROL_0048,2,1.8198129055838628,2.0,2.0,1.0,1.0,1214.0,1863.7679539194683
89092565,CONTROL_0024,3,1.8855797305018982,2.0,2.0,1.0,1.0,1214.0,2028.7503516404836
89092565,CONTROL_0284,4,2.0149686010468084,2.0,2.0,1.0,1.0,1214.0,1983.5848718921127
89092565,CONTROL_0144,5,2.038136595324988,2.0,3.0,1.0,1.0,1214.0,2172.3810357357484
89092589,CONTROL_0032,1,1.6838451989455163,3.0,3.0,2.0,2.0,1514.0,1896.7145928913835
89092589,CONTROL_0107,2,2.035261570136524,3.0,3.0,2.0,2.0,1514.0,2169.529889609949
89092589,CONTROL_0272,3,2.0957756524296105,3.0,4.0,2.0,2.0,1514.0,2295.332918629926
89092589,CONTROL_0093,4,2.122585989217886,3.0,3.0,2.0,2.0,1514.0,2067.654755384204
89092589,CONTROL_0245,5,2.1334387886898942,3.0,3.0,2.0,2.0,1514.0,2241.510811568184
89092625,CONTROL_0200,1,2.135267815042751,1.0,2.0,1.0,1.0,934.0,1546.60631850984
89092625,CONTROL_0048,2,2.40468901245137,1.0,2.0,1.0,1.0,934.0,1863.7679539194683
89092625,CONTROL_0024,3,2.5172096240908823,1.0,2.0,1.0,1.0,934.0,2028.7503516404836
89092625,CONTROL_0284,4,2.583068252534937,1.0,2.0,1.0,1.0,934.0,1983.5848718921127
89092625,CONTROL_0055,5,2.594151072034813,1.0,2.0,1.0,2.0,934.0,1575.6028545605297
89092652,CONTROL_0032,1,2.183372128014011,3.0,3.0,2.0,2.0,1386.6666666666667,1896.7145928913835
89092652,CONTROL_0245,2,2.5796382705455057,3.0,3.0,2.0,2.0,1386.6666666666667,2241.510811568184
89092652,CONTROL_0107,3,2.5835268927177175,3.0,3.0,2.0,2.0,1386.6666666666667,2169.529889609949
89092652,CONTROL_0272,4,2.610668197627874,3.0,4.0,2.0,2.0,1386.6666666666667,2295.332918629926
89092652,CONTROL_0218,5,2.622238654436812,3.0,3.0,2.0,2.0,1386.6666666666667,2328.0530549849227
89092808,CONTROL_0144,1,1.5339029500159511,3.0,3.0,1.0,1.0,1301.0,2172.3810357357484
89092808,CONTROL_0123,2,1.5796954135525476,3.0,3.0,1.0,1.0,1301.0,2076.737448474917
89092808,CONTROL_0299,3,1.5798712250385911,3.0,3.0,1.0,1.0,1301.0,2064.31514559634
89092808,CONTROL_0266,4,1.6126337854199666,3.0,3.0,1.0,1.0,1301.0,2173.8958372352267
89092808,CONTROL_0149,5,1.6402590627209177,3.0,3.0,1.0,1.0,1301.0,2173.5315837576914
89092850,CONTROL_0200,1,2.6854390942514077,1.0,2.0,1.0,1.0,938.0,1546.60631850984
89092850,CONTROL_0061,2,2.928978707224513,1.0,2.0,1.0,1.0,938.0,1994.2499586283038
89092850,CONTROL_0048,3,2.986251963420723,1.0,2.0,1.0,1.0,938.0,1863.7679539194683
89092850,CONTROL_0055,4,3.1189407370108224,1.0,2.0,1.0,2.0,938.0,1575.6028545605297
89092850,CONTROL_0284,5,3.119954595976007,1.0,2.0,1.0,1.0,938.0,1983.5848718921127
89092901,CONTROL_0200,1,1.6978812590608887,1.0,2.0,1.0,1.0,1014.4285714285714,1546.60631850984
89092901,CONTROL_0048,2,2.015335736172514,1.0,2.0,1.0,1.0,1014.4285714285714,1863.7679539194683
89092901,CONTROL_0024,3,2.1598894126345782,1.0,2.0,1.0,1.0,1014.4285714285714,2028.7503516404836
89092901,CONTROL_0284,4,2.2187060278939192,1.0,2.0,1.0,1.0,1014.4285714285714,1983.5848718921127
89092901,CONTROL_0061,5,2.2272414190222074,1.0,2.0,1.0,1.0,1014.4285714285714,1994.2499586283038
89092955,CONTROL_0200,1,1.0922412290358359,2.0,2.0,1.0,1.0,1103.0,1546.60631850984
89092955,CONTROL_0048,2,1.4853366620934894,2.0,2.0,1.0,1.0,1103.0,1863.7679539194683
89092955,CONTROL_0024,3,1.6647995995922729,2.0,2.0,1.0,1.0,1103.0,2028.7503516404836
89092955,CONTROL_0284,4,1.7192037376770692,2.0,2.0,1.0,1.0,1103.0,1983.5848718921127
89092955,CONTROL_0061,5,1.7553980031610636,2.0,2.0,1.0,1.0,1103.0,1994.2499586283038
89092958,CONTROL_0123,1,1.5070147697588676,3.0,3.0,1.0,1.0,1274.0,2076.737448474917
89092958,CONTROL_0299,2,1.5113498841478967,3.0,3.0,1.0,1.0,1274.0,2064.31514559634
89092958,CONTROL_0200,3,1.5114453111643895,3.0,2.0,1.0,1.0,1274.0,1546.60631850984
89092958,CONTROL_0246,4,1.5121677515233833,3.0,3.0,1.0,1.0,1274.0,2123.833491541956
89092958,CONTROL_0149,5,1.5288326333427915,3.0,3.0,1.0,1.0,1274.0,2173.5315837576914
89092991,CONTROL_0200,1,1.3198270174262756,2.0,2.0,1.0,1.0,923.3529411764706,1546.60631850984
89092991,CONTROL_0048,2,1.7554396519389819,2.0,2.0,1.0,1.0,923.3529411764706,1863.7679539194683
89092991,CONTROL_0024,3,1.9536336405173431,2.0,2.0,1.0,1.0,923.3529411764706,2028.7503516404836
89092991,CONTROL_0284,4,1.9885442937430307,2.0,2.0,1.0,1.0,923.3529411764706,1983.5848718921127
89092991,CONTROL_0055,5,1.9960690273434318,2.0,2.0,1.0,2.0,923.3529411764706,1575.6028545605297
89093039,CONTROL_0200,1,1.635722021531852,1.0,2.0,1.0,1.0,923.0,1546.60631850984
89093039,CONTROL_0048,2,2.029185998276307,1.0,2.0,1.0,1.0,923.0,1863.7679539194683
89093039,CONTROL_0061,3,2.182023536381069,1.0,2.0,1.0,1.0,923.0,1994.2499586283038
89093039,CONTROL_0024,4,2.231319576605002,1.0,2.0,1.0,1.0,923.0,2028.7503516404836
89093039,CONTROL_0055,5,2.2323307798357637,1.0,2.0,1.0,2.0,923.0,1575.6028545605297
89093075,CONTROL_0144,1,2.918752108240598,2.0,3.0,1.0,1.0,1715.0,2172.3810357357484
89093075,CONTROL_0087,2,3.1064650249459,2.0,3.0,1.0,1.0,1715.0,2463.5189533099365
89093075,CONTROL_0076,3,3.1121123849448886,2.0,3.0,1.0,1.0,1715.0,2246.950207157013
89093075,CONTROL_0266,4,3.117827673738628,2.0,3.0,1.0,1.0,1715.0,2173.8958372352267
89093075,CONTROL_0234,5,3.1204067361096395,2.0,3.0,1.0,2.0,1715.0,1953.1244805234492
89093282,CONTROL_0032,1,0.7234059639218938,3.0,3.0,2.0,2.0,1615.6666666666667,1896.7145928913835
89093282,CONTROL_0093,2,0.9598862789990659,3.0,3.0,2.0,2.0,1615.6666666666667,2067.654755384204
89093282,CONTROL_0107,3,1.0401541449558687,3.0,3.0,2.0,2.0,1615.6666666666667,2169.529889609949
89093282,CONTROL_0234,4,1.076140904154918,3.0,3.0,2.0,2.0,1615.6666666666667,1953.1244805234492
89093282,CONTROL_0252,5,1.0782007960421407,3.0,3.0,2.0,2.0,1615.6666666666667,2041.6309063418475
89093450,CONTROL_0200,1,1.185598405745305,2.0,2.0,1.0,1.0,1026.0,1546.60631850984
89093450,CONTROL_0048,2,1.5996170688021407,2.0,2.0,1.0,1.0,1026.0,1863.7679539194683
89093450,CONTROL_0024,3,1.7879820180796742,2.0,2.0,1.0,1.0,1026.0,2028.7503516404836
89093450,CONTROL_0284,4,1.8333197764607139,2.0,2.0,1.0,1.0,1026.0,1983.5848718921127
89093450,CONTROL_0061,5,1.868562638127574,2.0,2.0,1.0,1.0,1026.0,1994.2499586283038
89093498,CONTROL_0234,1,1.89959728793427,3.0,3.0,2.0,2.0,1510.0,1953.1244805234492
89093498,CONTROL_0272,2,2.0347909633372985,3.0,4.0,2.0,2.0,1510.0,2295.332918629926
89093498,CONTROL_0032,3,2.075380024096388,3.0,3.0,2.0,2.0,1510.0,1896.7145928913835
89093498,CONTROL_0093,4,2.0822897103999023,3.0,3.0,2.0,2.0,1510.0,2067.654755384204
89093498,CONTROL_0107,5,2.1662597878460836,3.0,3.0,2.0,2.0,1510.0,2169.529889609949
89093624,CONTROL_0055,1,1.3382460924388146,2.0,2.0,2.0,2.0,1307.764705882353,1575.6028545605297
89093624,CONTROL_0038,2,1.3667417062772511,2.0,2.0,2.0,2.0,1307.764705882353,1777.3595165588363
89093624,CONTROL_0124,3,1.4211674671926822,2.0,2.0,2.0,2.0,1307.764705882353,1704.658269692216
89093624,CONTROL_0032,4,1.5631784822625219,2.0,3.0,2.0,2.0,1307.764705882353,1896.7145928913835
89093624,CONTROL_0250,5,1.5792563260707075,2.0,2.0,2.0,2.0,1307.764705882353,1777.2073088702546
89093645,CONTROL_0200,1,2.591260784540235,2.0,2.0,1.0,1.0,883.6315789473684,1546.60631850984
89093645,CONTROL_0038,2,2.8369878117993754,2.0,2.0,1.0,2.0,883.6315789473684,1777.3595165588363
89093645,CONTROL_0011,3,2.855928920558988,2.0,3.0,1.0,1.0,883.6315789473684,2264.5473772774913
89093645,CONTROL_0048,4,2.863429170953955,2.0,2.0,1.0,1.0,883.6315789473684,1863.7679539194683
89093645,CONTROL_0024,5,2.8937873359990545,2.0,2.0,1.0,1.0,883.6315789473684,2028.7503516404836
89093708,CONTROL_0200,1,1.0450040635855107,2.0,2.0,1.0,1.0,1000.0,1546.60631850984
89093708,CONTROL_0048,2,1.547302713447684,2.0,2.0,1.0,1.0,1000.0,1863.7679539194683
89093708,CONTROL_0061,3,1.7263319984008272,2.0,2.0,1.0,1.0,1000.0,1994.2499586283038
89093708,CONTROL_0024,4,1.7839744116026806,2.0,2.0,1.0,1.0,1000.0,2028.7503516404836
89093708,CONTROL_0284,5,1.8002353128156035,2.0,2.0,1.0,1.0,1000.0,1983.5848718921127
89093729,CONTROL_0032,1,0.9427752153542031,3.0,3.0,2.0,2.0,1388.0,1896.7145928913835
89093729,CONTROL_0093,2,1.2439417946326232,3.0,3.0,2.0,2.0,1388.0,2067.654755384204
89093729,CONTROL_0252,3,1.2775976562208629,3.0,3.0,2.0,2.0,1388.0,2041.6309063418475
89093729,CONTROL_0234,4,1.3142479397062399,3.0,3.0,2.0,2.0,1388.0,1953.1244805234492
89093729,CONTROL_0107,5,1.3541329328491336,3.0,3.0,2.0,2.0,1388.0,2169.529889609949
89093840,CONTROL_0200,1,1.3995814114881993,2.0,2.0,1.0,1.0,1256.3478260869565,1546.60631850984
89093840,CONTROL_0048,2,1.6255062566869016,2.0,2.0,1.0,1.0,1256.3478260869565,1863.7679539194683
89093840,CONTROL_0024,3,1.6937190663487762,2.0,2.0,1.0,1.0,1256.3478260869565,2028.7503516404836
89093840,CONTROL_0284,4,1.8438607354600576,2.0,2.0,1.0,1.0,1256.3478260869565,1983.5848718921127
89093840,CONTROL_0061,5,1.8765142090184421,2.0,2.0,1.0,1.0,1256.3478260869565,1994.2499586283038
89093876,CONTROL_0144,1,1.6140424513079947,3.0,3.0,1.0,1.0,1500.0,2172.3810357357484
89093876,CONTROL_0266,2,1.7857965177920723,3.0,3.0,1.0,1.0,1500.0,2173.8958372352267
89093876,CONTROL_0149,3,1.8326453677304955,3.0,3.0,1.0,1.0,1500.0,2173.5315837576914
89093876,CONTROL_0123,4,1.8486930392799483,3.0,3.0,1.0,1.0,1500.0,2076.737448474917
89093876,CONTROL_0299,5,1.8565648920576945,3.0,3.0,1.0,1.0,1500.0,2064.31514559634
89093888,CONTROL_0032,1,1.1635677702179232,3.0,3.0,2.0,2.0,1289.2857142857142,1896.7145928913835
89093888,CONTROL_0093,2,1.4392897670922258,3.0,3.0,2.0,2.0,1289.2857142857142,2067.654755384204
89093888,CONTROL_0234,3,1.4471075273946639,3.0,3.0,2.0,2.0,1289.2857142857142,1953.1244805234492
89093888,CONTROL_0252,4,1.5046709377330274,3.0,3.0,2.0,2.0,1289.2857142857142,2041.6309063418475
89093888,CONTROL_0107,5,1.5564593292087208,3.0,3.0,2.0,2.0,1289.2857142857142,2169.529889609949
